date,close,high,low,open,volume,price_chg_pct0,ema10,ema20,sma25,sma30,sma50,sma100,sma200,min30,max30,min60,max60,min90,max90,min120,max120,min150,max150,min252,max252,vol_sma40,vol_sma50,vol_sma252,avg_dollar_vol,price_up_down,highest_volume,days_since_highest_volume,days_since_vol_max,up_dollar_vol_max,days_since_up_vol_max,adr_pct,atr14,atr_pct,atr_multi_50sma,vars_norm_change,vars,vars_20ema,previous_session_high,previous_session_low,previous_session_volume,inside_day,tight_day,close_to_ma,range_pct,range10_pct,range20_pct,range_contraction_10_20,vol_dry_10_50,dist_sma50_pct,close_vs_252h,nr7,nr20,perf_1mo,rela_perf_1mo,perf_3mo,rela_perf_3mo,perf_6mo,rela_perf_6mo,perf_12mo,rela_perf_12mo,vol_ratio,vol_ratio_rank,perf_1mo_rank,rela_perf_1mo_rank,perf_3mo_rank,rela_perf_3mo_rank,perf_6mo_rank,rela_perf_6mo_rank,c0_c30_rank,c0_c60_rank,c0_c90_rank,c0_c120_rank,rs_sts_pct,ticker
2026-04-07,33.02000045776367,33.959999084472656,32.470001220703125,33.86000061035156,2140400.0,-0.0311033250099509,32.33167657890375,31.201627505367814,29.66040008544922,29.900666745503745,31.4056001663208,30.440000133514403,29.768700037002564,27.0,36.47999954223633,27.0,36.47999954223633,27.0,36.47999954223633,27.0,36.47999954223633,25.170000076293945,36.47999954223633,25.170000076293945,36.47999954223633,2502615.0,2387104.0,2099026.1904761903,93199021.23435974,-1,False,7,7,425433847.3434448,7,0.0400457041846797,1.5635715212140764,0.047352256194365,1.0855840488894055,-0.6779359683322638,6.601393360657207,5.136469721180395,34.9900016784668,33.93000030517578,2022200.0,False,False,True,0.0451241018507982,0.2777104769584548,0.2870987102002716,0.9672996328152508,1.5014553199190317,0.0514048540035272,0.905153532678456,False,False,0.153335711689889,1.1748045779038614,0.1792857306344168,1.2301153459225431,0.0631037033329782,1.0790000009011806,0.0429564313615349,0.8506064333140934,1.19227430860796,65.0,91.0,91.0,84.0,84.0,67.0,67.0,81.0,73.0,65.0,58.0,84.61538461538461,ALKS
2026-04-07,7.889999866485596,8.880000114440918,7.769999980926514,7.769999980926514,3042500.0,0.0102432681552087,7.497758813924149,6.476757890747969,5.547799987792969,5.126166653633118,4.124319987297058,3.5336599922180176,4.043369995355606,2.525000095367432,10.640000343322754,2.309999942779541,10.640000343322754,2.309999942779541,10.640000343322754,2.309999942779541,10.640000343322754,2.309999942779541,10.640000343322754,2.309999942779541,18.299999237060547,6158192.5,4929058.0,990130.9523809524,87059673.54295254,1,False,18,18,816150921.816349,18,0.2613210546166065,1.9524285452706476,0.2474560935753612,3.689715598572436,0.0409745718478854,7.7757505349704115,4.069411867740314,8.180000305175781,7.210000038146973,1612600.0,False,True,True,0.1406844299490243,0.5665399673853048,0.9797212152470164,0.5782665094605136,2.217693522778592,0.9130426084268108,0.4311475516625723,False,False,0.929095249909296,1.9650045583738969,1.758741313247929,2.877648678943278,0.9578162421139952,1.9870909304354936,-0.0174346041271652,0.8013531742550087,6.2195737697033815,99.0,99.0,99.0,99.0,99.0,97.0,97.0,99.0,99.0,98.0,98.0,84.61538461538461,ANNA
2026-04-07,42.67435836791992,43.98558139452454,42.48562304067634,43.1611020288464,6231700.0,-0.0013947839276615,41.45816475103633,39.12016692844266,37.41158676147461,36.06427179972331,32.45476516723633,28.548445930480955,24.762858781814572,26.999281083279783,45.35640899396677,24.432570001428584,45.35640899396677,22.877858821296023,45.35640899396677,21.283788221791376,45.35640899396677,20.989756049697025,45.35640899396677,12.826797870649134,45.35640899396677,9254020.0,8882306.0,7684733.73015873,408877879.7541237,-1,False,18,18,927876912.4694824,18,0.0446178949518798,2.007988538420701,0.0470537487900506,6.692076672021665,-0.0296837574691886,17.035472726237945,15.262434920571687,42.82336475957823,41.47240671305133,7342200.0,False,False,False,0.0351489374700422,0.1382681660603966,0.329143389747921,0.4200848942045933,1.1981775903689875,0.3148872946090657,0.9408672184254356,False,False,0.3145654387446157,1.3390355294977827,0.7723138027785215,1.8487041350151416,0.7870439149630621,1.813765091599581,1.5468006616730057,2.077100214396879,1.204208281632792,66.0,96.0,96.0,98.0,98.0,96.0,96.0,95.0,95.0,94.0,93.0,80.76923076923077,APA
2026-04-07,143.86000061035156,145.5,137.5800018310547,143.81500244140625,7071000.0,-0.0330039895214163,145.00139501674863,139.31323832511524,132.8968020629883,132.112668355306,126.42860092163086,125.37990043640136,138.59805027008056,111.26000213623048,166.69000244140625,100.0199966430664,166.69000244140625,100.0199966430664,166.69000244140625,100.0199966430664,183.16000366210935,100.0199966430664,183.16000366210935,80.0,183.16000366210935,6297945.0,6877492.0,5430266.26984127,1162341652.483635,-1,False,13,13,4646115109.649658,13,0.0540472520696653,10.506068638392858,0.073029810884325,1.8879337619935903,-0.4673492845998074,-0.495514700793028,-2.9237855048214043,153.67999267578125,146.10000610351562,4137600.0,False,True,True,0.0550535112980906,0.2341165563163972,0.36309606832153,0.6447785496511672,1.6340375241439755,0.1378754456005242,0.785433488392707,False,False,0.2577374022104433,1.2811496626188208,0.2389975011121135,1.2924008152441335,-0.0575209565933233,0.9565716735788948,0.4721653583020335,1.200657368821361,1.1597856692548694,63.0,95.0,95.0,88.0,88.0,45.0,45.0,87.0,88.0,83.0,78.0,73.07692307692307,ARM
2026-04-07,255.1499938964844,256.989990234375,209.6000061035156,217.00999450683597,6026700.0,0.200141046902186,174.99900390146848,148.1348346855096,125.12640045166016,120.15700047810871,117.83760025024414,124.31710006713868,143.24380027770997,85.95999908447266,256.989990234375,85.95999908447266,256.989990234375,85.95999908447266,256.989990234375,85.95999908447266,256.989990234375,85.95999908447266,256.989990234375,62.16999816894531,256.989990234375,1215152.5,1076364.0,1062648.015873016,243523425.84186557,1,True,0,0,1537712468.2159424,0,0.100193958453852,17.747852870396205,0.0695585079167064,16.75234432479449,2.397472421238235,10.415642304703123,0.6808775416090187,214.83999633789065,182.8000030517578,2497600.0,False,False,False,0.1857338242778313,0.5920830714451027,0.6449931256208321,0.9179680339619104,2.1034241204648243,1.1652680753396094,0.9928402023121112,False,False,1.616654582162928,2.6653625226032034,0.9753038438753096,2.060443460045621,0.6508152039777104,1.675499390130266,2.513978677203168,2.8659038666222463,1.1435136393697536,61.0,99.0,99.0,98.0,98.0,94.0,94.0,99.0,99.0,98.0,98.0,100.0,CAR
2026-04-07,18.978687286376957,19.03861944961222,18.199561543481984,18.47924814726177,19434200.0,0.0220548727394902,18.586541066473227,19.297302539097267,19.939209060668944,20.945146115620933,21.64689144134521,19.769499626159668,16.79129405975342,16.00203090735444,27.349286530584788,16.00203090735444,27.73885082519235,14.703488980844677,27.73885082519235,13.534801031417633,27.73885082519235,12.905507463065309,27.73885082519235,4.574862546156672,27.73885082519235,29310182.5,30345870.0,19446365.47619048,688163073.6121464,1,False,15,15,2358344984.902954,15,0.0680825431609251,1.4647837244185808,0.0771804552293779,-1.5970414244829243,0.2795908840086007,8.974466976898023,7.466182860611261,19.238395624148044,18.459269891102057,17903400.0,False,False,True,0.044210534346731,0.215789544168909,0.4221052911507578,0.511222078218011,1.3088532310986636,-0.1232603841617663,0.6841915480197385,False,False,-0.160777412279407,0.8548443683321705,0.0215053807596035,1.0655343418247298,0.0144153793407395,1.0295836537783187,2.460838094234408,2.8225638762026275,1.5072319059253758,84.0,13.0,13.0,65.0,65.0,58.0,58.0,76.0,66.0,73.0,76.0,34.61538461538461,CDE
2026-04-07,39.54999923706055,39.7400016784668,39.41999816894531,39.7400016784668,2998300.0,-0.0030249291006699,35.379852115024704,32.28424521893213,29.928399963378908,29.39466667175293,27.50979995727539,26.67020000457764,22.85007498264313,25.059999465942383,40.2599983215332,21.5,40.2599983215332,21.5,40.2599983215332,17.049999237060547,40.2599983215332,15.010000228881836,40.2599983215332,9.600000381469728,40.2599983215332,2812460.0,2515056.0,1522022.619047619,165359758.83802414,-1,False,7,7,1896479122.2839355,7,0.0517021699454869,2.19857120513916,0.0555896649191076,7.873216364814342,-0.0545804164105616,10.230397279516488,6.231733785264711,39.79999923706055,39.6150016784668,2372400.0,False,True,False,0.0080911129126299,0.3815423144458392,0.3815423144458392,1.0,3.085207645475886,0.4376694595556643,0.9823646519107552,False,False,0.5240847042110288,1.552454909244848,0.7180711750907895,1.7921235396695625,0.7025398199062172,1.7279974300284406,2.028330625292684,2.469822741026006,1.8478437605348148,91.0,98.0,98.0,97.0,97.0,95.0,95.0,95.0,96.0,94.0,96.0,84.61538461538461,CNTA
2026-04-07,4.300000190734863,4.360000133514404,4.144999980926514,4.320000171661377,6266900.0,-0.0227272505602565,4.501326397211469,4.654584243982831,4.7315999794006345,4.8566666603088375,5.15479998588562,4.687599997520447,3.6517749965190887,4.079999923706055,8.210000038146973,4.079999923706055,8.210000038146973,3.6549999713897705,8.210000038146973,3.1700000762939453,8.210000038146973,1.899999976158142,8.210000038146973,0.4000000059604645,8.210000038146973,8356595.0,7353770.0,4487653.571428572,76928529.80154514,-1,False,22,22,817938000.0,22,0.1062222658771232,0.4051428522382463,0.0942192637831041,-1.760000877572701,-0.2468262838159684,4.668325072209703,6.714217735426004,4.599999904632568,4.329999923706055,3722900.0,False,True,True,0.0500000332677072,0.1837209132118707,0.9604651002899393,0.1912832784412574,0.7457154629530159,-0.1658259869425171,0.5237515433319522,True,False,-0.0811965067397572,0.9359066394420532,0.0436893956736981,1.0886745329345824,0.3030303796570284,1.322514234891938,6.918969294057055,6.458492439562631,1.862130145963966,91.0,26.0,26.0,68.0,68.0,86.0,86.0,29.0,23.0,57.0,72.0,7.6923076923076925,CTMX
2026-04-07,4.139999866485596,4.389999866485596,3.990000009536743,4.25,705800.0,-0.0304449918083395,3.679893265951769,3.3124623392352324,2.9967999839782715,2.783999987443288,2.322799997329712,1.965499997138977,1.8490000015497208,1.409999966621399,4.389999866485596,1.409999966621399,4.389999866485596,1.409999966621399,4.389999866485596,1.2899999618530271,4.389999866485596,1.2899999618530271,4.389999866485596,0.8100000023841858,4.389999866485596,1687032.5,1378052.0,467163.8888888889,7607001.458700895,-1,False,27,27,93995900.6752491,27,0.1457672052653962,0.3621428183146885,0.0874741135250586,8.943578639646905,-0.3589747134732705,12.735779287819597,8.911506180593289,4.349999904632568,3.5799999237060547,1106900.0,False,True,False,0.0966183260504325,0.2946859491633984,0.6739130272031001,0.4372759351253609,0.3818360990731844,0.7823316132447626,0.9430523900675796,False,False,1.7058823162754964,2.7562511940012664,1.4790418999248698,2.585893651610645,1.274725135808524,2.3087384757407583,2.5999999585358986,2.936060445654049,3.611221971827636,97.0,99.0,99.0,99.0,99.0,98.0,98.0,99.0,99.0,98.0,98.0,96.15384615384616,CVGI
2026-04-07,3.4800000190734863,4.138999938964844,3.3499999046325684,4.03000020980835,1157500.0,-0.1614457978065721,3.3173761769117416,2.617330642124497,2.055400013923645,1.9321666757265727,1.675900011062622,1.5906500041484832,2.077535001039505,1.1799999475479126,8.479999542236328,1.0269999504089355,8.479999542236328,1.0269999504089355,8.479999542236328,1.0269999504089355,8.479999542236328,1.0269999504089355,8.479999542236328,1.0269999504089355,8.479999542236328,7042325.0,5651316.0,1666242.0634920634,88805175.4346472,-1,False,6,6,1688622064.28957,6,0.1411760675624087,0.9307856900351388,0.2674671508429907,4.024779137446746,-0.7198220637326855,6.824557403894505,2.002192172925572,5.449999809265137,4.034999847412109,3067200.0,False,False,True,0.2267241465539814,2.0344826227797443,2.060344701195066,0.9874476933882368,4.962442376253602,1.076496208665191,0.4103773828926113,False,False,1.4680851783366786,2.514027560906937,1.5217391529696198,2.630431243166875,0.3920000076293946,1.4128142012652962,0.3488372565820163,1.1000743784134932,4.2264717439919215,98.0,99.0,99.0,99.0,99.0,89.0,89.0,99.0,99.0,98.0,98.0,88.46153846153845,CYCN
2026-04-07,86.58999633789062,86.91000366210938,82.94999694824219,85.76000213623047,2237000.0,-0.0055128443621911,84.83274978414624,80.09523102013071,75.18119979858399,72.33666661580403,68.15240020751953,58.3264001083374,46.200350017547606,51.02999877929688,93.30999755859376,49.07799911499024,93.30999755859376,42.77000045776367,93.30999755859376,37.5,93.30999755859376,30.888999938964844,93.30999755859376,25.450000762939453,93.30999755859376,4080325.0,4123510.0,2610171.031746032,383932647.5706864,-1,False,13,13,1219313700.0,13,0.0832768271455588,6.665713718959263,0.0769801824791443,3.5143434815592824,-0.0720107969186138,11.922393217483156,13.669432249062268,93.30999755859376,85.0,2943700.0,False,True,True,0.0457328430690132,0.2098394611086773,0.413327158037641,0.5076837004975308,1.266833353138467,0.2705348025048251,0.9279819805323292,True,True,0.590266209818435,1.619868356146817,0.7109266013361766,1.7846710202441838,1.3170992457270438,2.351746194081806,1.7726544222578,2.261300297894914,1.5632404736598935,85.0,98.0,98.0,97.0,97.0,98.0,98.0,97.0,95.0,95.0,96.0,76.92307692307693,DOCN
2026-04-07,22.020000457763672,23.71999931335449,21.31999969482422,23.18000030517578,392500.0,-0.0533103937625272,18.39751243602989,16.488934999969086,14.369199981689452,14.19400002161662,15.97380002975464,16.48079997062683,17.93510000228882,11.15999984741211,24.3799991607666,11.15999984741211,24.3799991607666,11.15999984741211,24.3799991607666,11.15999984741211,24.3799991607666,11.15999984741211,24.3799991607666,11.15999984741211,24.700000762939453,230160.0,210966.0,144388.09523809524,5667375.568547249,-1,False,5,5,46800907.387542725,5,0.077847426820425,1.542142731802804,0.0700337284170711,5.4046434533425565,-0.8040758780275629,13.335759913310715,4.926734850281346,24.3799991607666,21.700000762939453,537600.0,False,False,False,0.1089918060235142,0.505903685652321,0.6003632624218892,0.8426626299742018,1.84337760587014,0.3785073318024943,0.8914979667046438,False,False,0.7844408578184445,1.8176574847337053,0.2802325279664981,1.335413155685003,0.1263427783680315,1.143184672449108,0.073622633448608,0.8756169399816843,1.5940372343056908,86.0,99.0,99.0,90.0,90.0,74.0,74.0,98.0,97.0,95.0,93.0,92.3076923076923,FC
2026-04-07,7.210000038146973,7.619999885559082,6.679999828338623,7.28000020980835,1462200.0,-0.0884955528152321,8.456039829714053,8.483790407246486,0.0,0.0,0.0,0.0,0.0,0.0,0.0,0.0,0.0,0.0,0.0,0.0,0.0,0.0,0.0,0.0,0.0,0.0,0.0,0.0,29593999.70879121,-1,False,8,8,109008062.21580504,8,0.347534208736189,3.3981818719343706,0.4713150976359399,0.0,-0.205992449976396,3.028596798432329,4.407196439666891,7.960000038146973,7.079999923706055,1168200.0,False,True,True,0.1303744871355155,2.263522896714956,2.263522896714956,1.0,0.0,0.0,0.0,False,False,0.0,0.0,0.0,0.0,0.0,0.0,0.0,0.0,0.0,0.0,0.0,0.0,0.0,0.0,0.0,0.0,0.0,0.0,0.0,0.0,0.0,GLND
2026-04-07,39.2599983215332,39.52999877929688,38.04999923706055,38.04999923706055,542700.0,0.0213319387127777,37.32170675935628,36.15298618855774,35.1971997833252,34.86399974822998,33.87719989776611,31.90329998016357,28.138849964141844,30.61000061035156,39.52999877929688,26.34000015258789,39.52999877929688,26.34000015258789,39.52999877929688,23.3700008392334,39.52999877929688,23.13999938964844,39.52999877929688,19.170000076293945,39.52999877929688,444670.0,403480.0,304327.38095238095,25525050.35209656,1,False,19,19,91405179.37774658,19,0.0521337973637456,1.734286035810198,0.0441743787558692,3.59691486990187,0.4728168698199449,8.914741114866462,8.298826975135656,39.18000030517578,37.74800109863281,755200.0,False,False,False,0.0376973918876757,0.1428935519662161,0.2138308433347684,0.6682551017324726,1.5928422722315851,0.1588914798156633,0.9931697327067696,False,False,0.2353680765661818,1.2583639412498056,0.259140408507827,1.313411922947128,0.6399330595536534,1.66445452799071,0.8226553692127379,1.4865073325669964,1.4611567273651886,82.0,95.0,95.0,89.0,89.0,94.0,94.0,86.0,90.0,86.0,88.0,100.0,GRDN
2026-04-07,8.729999542236328,8.880000114440918,8.34000015258789,8.869999885559082,1854000.0,-0.0135594162780668,8.4048738907381,8.40763615681141,8.498800029754639,8.332666699091593,8.156400032043457,8.149599990844727,8.431109638214112,7.019999980926514,12.0,7.019999980926514,12.0,7.019999980926514,12.0,6.849999904632568,12.0,6.849999904632568,12.0,5.438156581666497,12.0,3268275.0,2831382.0,1483454.761904762,49968668.18877697,-1,False,26,26,363702459.1088295,26,0.0856638249345054,0.5978571687425885,0.068483069884496,1.026897351945386,-0.2007182409233025,7.476412617418652,3.547264199021308,9.31999969482422,8.109999656677246,5566400.0,True,True,False,0.0618556689768963,0.2336769838283919,0.5303551382838756,0.4406047324902412,0.793397005419968,0.0703250831174797,0.7274999618530273,False,False,0.179729652666019,1.2016898311509394,0.0355870968209046,1.0802230085099545,0.0115874190578604,1.026713407782365,0.3441020253076643,1.0962124546896652,2.2031511064102296,94.0,93.0,93.0,67.0,67.0,57.0,57.0,83.0,75.0,68.0,64.0,53.84615384615385,HIMX
2026-04-07,41.34999847412109,44.0,41.310001373291016,42.84000015258789,360100.0,-0.0159448352295005,42.43543095566295,41.650930126729165,41.86599960327148,40.73633308410645,37.81739986419678,32.80479988098145,31.72764989852905,32.470001220703125,50.34000015258789,29.729999542236328,50.34000015258789,24.520000457763672,50.34000015258789,22.549999237060547,50.34000015258789,22.549999237060547,50.34000015258789,22.549999237060547,50.34000015258789,395700.0,342996.0,211920.6349206349,22150451.290512085,-1,False,26,26,49323516.15409851,26,0.0764968820634179,3.197857448032924,0.0773363377518454,1.2078667488171595,-0.2095159007336965,14.312417996358224,12.986570056754886,44.97999954223633,41.790000915527344,260800.0,False,False,True,0.0650543827321425,0.2292623915855617,0.3226118656554905,0.7106446352174335,1.2964582677349008,0.0934119908457473,0.8214143493997459,False,False,-0.0277451290628814,0.9903529923587192,0.4917027236072175,1.5559981471806168,0.4069411137410617,1.4279787176313012,0.4317866923727251,1.1677256451411375,1.867208448805333,91.0,44.0,44.0,95.0,95.0,89.0,89.0,86.0,86.0,91.0,91.0,50.0,IPI
2026-04-07,41.790000915527344,42.95000076293945,38.369998931884766,38.369998931884766,1558600.0,0.0715384850135216,36.36199243256372,32.37009671593969,28.77680015563965,28.572000122070317,26.73320011138916,25.75710000991821,18.141250013113023,21.0,45.59999847412109,20.8799991607666,45.59999847412109,20.700000762939453,45.59999847412109,10.9399995803833,45.59999847412109,8.289999961853027,45.59999847412109,1.919999957084656,45.59999847412109,1273877.5,1160090.0,793773.4126984127,68565080.6156826,1,False,12,12,524207745.8705902,12,0.1055409854810132,4.658571924482073,0.1114757555018657,5.052441936238715,0.5988961769303429,11.57305731915087,8.841994632344418,41.93000030517578,38.79999923706055,990600.0,False,False,False,0.1095956384474009,0.5886575241729848,0.5886575241729848,1.0,2.713392926410882,0.5632247819715204,0.9164474191648054,False,False,0.6810136721447313,1.7123050448693775,0.6716000366210937,1.743649400545271,1.7749003818813285,2.816392704835534,16.412499689559155,14.201153385365584,1.6048377025749525,86.0,99.0,99.0,97.0,97.0,99.0,99.0,98.0,97.0,95.0,98.0,96.15384615384616,KOD
2026-04-07,8.210000038146973,8.390000343322754,7.599999904632568,7.800000190734863,4139700.0,0.0432020530536179,7.457513095375065,6.931868136417021,6.636000003814697,6.275000015894572,5.137200002670288,4.592900021076202,3.889200010895729,3.650000095367432,9.029999732971191,3.0,9.029999732971191,2.8399999141693115,9.029999732971191,2.8399999141693115,9.029999732971191,2.8399999141693115,9.029999732971191,0.7900000214576721,9.029999732971191,4512050.0,4062768.0,2181234.9206349207,50341148.169744015,1,False,26,26,223825701.58805847,26,0.1371344759025969,0.958571434020996,0.1167565687657839,5.123025311057038,0.3546946430081531,8.994562824956219,8.236466821493575,9.029999732971191,7.860000133514404,7591200.0,False,False,False,0.0962241699171163,0.3179049506151199,0.5822167735397544,0.5460250632806837,1.302786671550037,0.5981468570192829,0.909191614720634,False,False,0.9547620026162468,1.9911490870435853,1.1548556854196337,2.247734351417219,0.7468085896434618,1.7729281385158893,8.122222506264118,7.43983249599533,2.068575905013761,93.0,99.0,99.0,98.0,98.0,95.0,95.0,99.0,99.0,98.0,97.0,96.15384615384616,LWLG
2026-04-07,14.43000030517578,15.140000343322754,14.289999961853027,14.65999984741211,1458700.0,-0.0379999796549479,15.02430993858117,14.591896124251615,14.572399864196775,13.982999897003172,12.275999927520752,10.673699951171876,9.471349973678588,9.8100004196167,17.219999313354492,9.020000457763672,17.219999313354492,8.220000267028809,17.219999313354492,8.119999885559082,17.219999313354492,7.710000038146973,17.219999313354492,4.880000114440918,17.219999313354492,1696407.5,1450904.0,660407.9365079365,36977158.39494228,-1,False,26,26,94355381.4356804,26,0.0631368399681466,0.9142856597900392,0.0633600582435262,2.769321198393831,-0.6234372033737423,13.706295215324412,14.140337414117502,15.029999732971191,14.5,1157300.0,False,False,True,0.0589050840951712,0.2030491538139834,0.3444212895526997,0.5895371743067439,1.6571323809156222,0.175464352425265,0.8379791452131473,False,False,0.0696812861383542,1.0895929598955516,0.6701388578448042,1.7421252419896651,0.6051168712522668,1.6291177427920551,1.369458118821866,1.9324645390096216,2.56872670090877,96.0,82.0,82.0,97.0,97.0,93.0,93.0,94.0,93.0,92.0,90.0,34.61538461538461,LXU
2026-04-07,511.8900146484375,530.5900268554688,504.7000122070313,527.9600219726562,347600.0,-0.0411890125744676,508.90929636889706,489.3201007842696,466.8288000488281,461.9733337402344,468.1236016845703,511.8892010498047,449.3270510864258,416.2099914550781,572.2000122070312,416.2099914550781,572.2000122070312,416.2099914550781,615.0,393.6099853515625,615.0,393.6099853515625,615.0,265.0,615.0,390242.5,379464.0,358889.28571428574,186391038.91952515,-1,False,12,12,712672501.4160156,12,0.0516327285763593,29.132862636021205,0.0569123479699627,1.6427592183550856,-0.7548173521123726,3.2112274962216216,3.218302072223821,547.1799926757812,530.4099731445312,293900.0,False,False,True,0.0505772996299187,0.2640216072721844,0.2943015493621767,0.8971125291198218,1.235242341829528,0.0934932842658886,0.8323414872332318,False,False,0.182658389041564,1.2046730847401503,-0.1300306026360465,0.9074668491110072,0.1554818251606855,1.1727594274019513,0.5649342864470701,1.2763171420573414,1.0873618007941166,55.0,93.0,93.0,33.0,33.0,76.0,76.0,82.0,73.0,66.0,67.0,73.07692307692307,MDGL
2026-04-07,63.790000915527344,64.37999725341797,61.41999816894531,62.060001373291016,1733000.0,0.036056541037952,60.2359457883868,57.86036183367714,56.20773300170899,55.096087010701496,52.36326866149902,46.181006317138674,40.76492845535278,47.007161071903006,66.75,44.615953929574566,66.75,34.031944891232044,66.75,31.73141649680868,66.75,31.73141649680868,66.75,24.999851866806964,66.75,1491860.0,1334550.0,710375.3968253968,126217354.81939316,1,False,19,19,238165214.138031,19,0.0612215229652659,3.7042857578822543,0.0580700063445301,3.757884512657269,0.5993061458553087,19.764219500576168,17.63059898359244,63.470001220703125,60.0,1074900.0,False,False,False,0.0464022423889345,0.1947013323513234,0.2741984293114872,0.7100745720543288,1.6045708291184295,0.218220377492019,0.955655444427376,False,False,0.2848593787541444,1.3087765035137888,0.4913707462532157,1.5556518609269565,0.6691731965108019,1.694131884681501,1.0902226748784778,1.7047278302791415,2.1001008856260888,93.0,96.0,96.0,95.0,95.0,95.0,95.0,90.0,88.0,94.0,94.0,92.3076923076923,MEOH
2026-04-07,8.739999771118164,9.0600004196167,8.359999656677246,8.359999656677246,7777000.0,0.0517448050286979,7.843299983143567,7.288403211615368,6.816800003051758,6.576666673024495,6.043800001144409,5.803450012207032,7.203049998283387,5.125,9.0600004196167,4.75,9.0600004196167,4.75,9.0600004196167,4.75,9.0600004196167,4.75,11.270000457763672,4.75,12.119999885559082,5121377.5,4660696.0,3451348.8095238097,52798837.84230232,1,False,19,19,149901756.32014275,19,0.0849737651328486,0.7674997874668666,0.0878146232913087,5.0801336763814176,0.5602598965149918,7.734125621105555,3.707738831283831,8.40999984741211,7.710000038146973,4922000.0,False,False,False,0.0800916225710492,0.2471396316722014,0.4290618506912611,0.5760000132242822,1.4820640522359751,0.4461100250609258,0.7211221001356468,False,False,0.5551601332904124,1.584108794555739,0.6245352388856618,1.6945560142325664,0.241477246942722,1.2600407150970352,0.2071823269917501,0.9845445338323178,1.4838771108465876,83.0,98.0,98.0,96.0,96.0,83.0,83.0,97.0,96.0,94.0,91.0,100.0,NEXT
2026-04-07,2.0199999809265137,2.0299999713897705,2.0199999809265137,2.0199999809265137,3873200.0,-0.0049261037459082,1.883099798685063,1.7279070408947597,1.557999987602234,1.5683333198229472,1.5641999912261964,1.441699993610382,1.4001999950408937,1.1699999570846558,2.039999961853028,1.1699999570846558,2.039999961853028,1.0800000429153442,2.039999961853028,0.9919999837875366,2.039999961853028,0.9919999837875366,2.039999961853028,0.9919999837875366,2.039999961853028,5178325.0,4362310.0,1893822.2222222225,16737137.081027033,-1,False,12,12,210511721.0011959,12,0.0482087944554416,0.1064285806247166,0.0526874166483412,5.530636646616682,-0.0939596338178963,11.562558050796271,8.857649114031375,2.0299999713897705,2.0199999809265137,5771700.0,False,True,False,0.004950490375089,0.3762376225937722,0.4306930757342525,0.8735632026411296,3.4809951608207577,0.291394957330878,0.9901960875977924,False,False,0.5018586899315924,1.5298151669223117,0.5905511899715512,1.6591071836397122,0.55384619616898,1.57708043139183,0.7339056198023726,1.41412549039846,2.7343247635587056,96.0,98.0,98.0,96.0,96.0,93.0,93.0,97.0,95.0,94.0,94.0,73.07692307692307,OLPX
2026-04-07,20.100000381469727,20.170000076293945,19.0,19.26000022888184,1626300.0,0.0668789924987744,20.78842279835162,20.55263787982801,20.95944446987576,20.95944446987576,0.0,0.0,0.0,17.0,24.88999938964844,0.0,0.0,0.0,0.0,0.0,0.0,0.0,0.0,0.0,0.0,0.0,0.0,0.0,85616436.55092451,1,False,25,25,298429143.38378906,25,0.1061648940665811,2.1585713795253207,0.107391608883516,0.0,0.5837195104286593,3.6616519706028,3.8270973714162784,21.01000022888184,18.81999969482422,2824600.0,True,False,True,0.0582089579148751,0.2975124093902662,0.3925372756172811,0.7579214201311597,0.0,0.0,0.0,False,False,0.0,0.0,0.0,0.0,0.0,0.0,0.0,0.0,0.0,0.0,0.0,0.0,0.0,0.0,0.0,0.0,75.0,0.0,0.0,0.0,0.0,PAYP
2026-04-07,5.869999885559082,5.989999771118164,5.78000020980835,5.849999904632568,1034300.0,-0.0084459780558253,5.413198349397259,4.843556917988624,4.321600027084351,4.18566669623057,3.991000018119812,4.544200026988984,5.352250012159348,3.0799999237060547,6.099999904632568,3.0799999237060547,6.099999904632568,3.0799999237060547,6.099999904632568,3.0799999237060547,6.099999904632568,3.0799999237060547,6.460000038146973,1.7999999523162842,8.880000114440918,873800.0,775716.0,598639.6825396825,6919371.509568691,-1,False,13,13,48683980.901527405,13,0.0743352232338137,0.4264285905020578,0.0726454171747301,6.480922044776829,-0.1172533733631586,2.845479600449968,-2.132954278617181,5.980000019073486,5.659999847412109,1214200.0,False,True,False,0.0357750537315067,0.4906303121244501,0.5144804156395443,0.9536423490766964,3.1409562262477504,0.4708092856197179,0.6610360146294497,True,False,0.5447368313731247,1.5734914671937332,0.1623761710600835,1.2124769499131312,-0.0741325324474893,0.9397117093953244,1.808612500777142,2.290626712688902,1.4596426289232467,82.0,98.0,98.0,83.0,83.0,43.0,43.0,98.0,96.0,94.0,92.0,84.61538461538461,PAYS
2026-04-07,6.75,6.877999782562256,6.613999843597412,6.800000190734863,834500.0,-0.0217391439556848,6.675108120633876,6.316643395186929,6.172399978637696,5.903999996185303,5.108800005912781,4.646500008106232,2.9823750033974648,4.079999923706055,7.510000228881836,3.220999956130981,7.510000228881836,3.220999956130981,7.510000228881836,1.8029999732971191,7.510000228881836,1.059999942779541,7.510000228881836,0.2430000007152557,7.510000228881836,2113235.0,1810258.0,1302529.365079365,9821611.461713314,-1,False,29,29,308348721.28105164,29,0.0755295902471413,0.4373572213309152,0.0647936624193948,4.958040570543472,-0.3429692892939291,11.023444849401288,11.900823613055517,7.09499979019165,6.809999942779541,682700.0,False,True,True,0.0391111020688657,0.2503703788474754,0.2711111704508464,0.9234970968961556,0.7171408716326623,0.3212496069894575,0.8988015704767838,True,True,0.5168539975993123,1.5450896060266917,0.595744673655694,1.6645245170413685,1.9094828423400576,2.9529875398464407,23.45652235179634,19.94606353955805,1.622408720030076,87.0,98.0,98.0,96.0,96.0,99.0,99.0,96.0,97.0,96.0,98.0,80.76923076923077,RLMD
2026-04-07,124.7699966430664,126.47000122070312,122.13999938964844,125.22000122070312,3837500.0,-0.0171721178226146,119.97073667583152,116.68573701814222,113.77119873046875,113.35499903361004,113.73559951782228,105.52229957580566,78.96709992408752,104.12999725341795,130.0,104.12999725341795,132.25,69.91999816894531,132.25,65.76000213623047,132.25,60.34999847412109,132.25,14.899999618530272,132.25,6336735.0,6458004.0,4900988.492063492,989716538.8395692,-1,False,18,18,5415858731.433105,18,0.0552568604495378,7.3371429443359375,0.0588053469723618,1.6498154718051012,-0.2971184181246841,14.737641231937324,12.828475231316036,129.5,125.68000030517578,4859200.0,False,True,False,0.0347038707025188,0.1685501269945376,0.2073415359670898,0.8129105738914302,1.22151209568777,0.0970179712598697,0.9434404283029596,False,False,0.1744164076796923,1.1962776823115393,0.1274057893503937,1.1759992735736435,0.6178681561133144,1.6420596941119745,4.348049594988865,4.361721405027173,1.2929503936321238,73.0,93.0,93.0,80.0,80.0,94.0,94.0,78.0,69.0,93.0,92.0,92.3076923076923,SATS
2026-04-07,156.52999877929688,159.27999877929688,154.3800048828125,156.89999389648438,301000.0,0.0098709598664314,152.92573067278693,148.55613864038577,146.55559936523437,145.1096659342448,135.80199951171875,125.61079986572264,116.34270004272462,129.1699981689453,165.25999450683594,109.8000030517578,165.25999450683594,105.0500030517578,165.25999450683594,99.58000183105467,165.25999450683594,99.58000183105467,165.25999450683594,81.0,165.25999450683594,90170.0,80152.0,66300.0,16623712.414627075,1,True,0,0,47115529.63256836,0,0.0426908013930478,6.048567635672433,0.0386415874454886,3.949992406427305,0.2529522477806899,12.548124141133531,11.273005958237173,160.9199981689453,152.3000030517578,82700.0,True,True,False,0.0313038646565968,0.1386954042316746,0.1729380455921274,0.8019947476380436,1.5864856772132947,0.1526339769819769,0.9471741739215782,True,False,0.1167950534351542,1.1375837304418646,0.4177157285342525,1.4788221620281563,0.4104342588264797,1.4315240947553742,0.7611386545500525,1.4363360006925503,1.360030165912519,77.0,88.0,88.0,94.0,94.0,90.0,90.0,80.0,88.0,86.0,84.0,84.61538461538461,SENEA
2026-04-07,7.949999809265137,9.4350004196167,6.900000095367432,8.90999984741211,10900280.0,0.4887639666849781,5.761483405851622,5.493187220477242,5.345999965667724,5.365999968846639,5.088899993896485,5.568900008201599,7.585500016212463,4.349999904632568,9.4350004196167,3.315000057220459,9.4350004196167,3.315000057220459,9.4350004196167,3.315000057220459,9.960000038146973,3.315000057220459,15.149999618530272,3.315000057220459,17.850000381469727,395179.025,317732.14,107325.50793650794,4711092.897542691,1,True,0,0,86657223.92093658,0,0.1043078183182877,0.708214282989502,0.0890835597460179,6.3111939987936,3.685324794156876,2.150029520264992,-3.577887504774319,5.639999866485596,5.159999847412109,1162947.0,False,False,False,0.3188679729645921,0.5584906466139943,0.6396227216330168,0.8731563587799309,3.841541809399578,0.5622236276602395,0.4453781310569671,False,False,0.6158535947124575,1.6459320396046375,0.4971751214565318,1.5617064165156604,-0.2395982910302072,0.7717717867893481,-0.520362024535119,0.3911794733933137,3.682060607938437,97.0,99.0,99.0,95.0,95.0,29.0,29.0,97.0,98.0,97.0,96.0,100.0,SILO
2026-04-07,6.360000133514404,8.319999694824219,5.920000076293945,6.369999885559082,73094900.0,0.2720000267028808,3.949751458985624,3.489171035804972,3.275880012512207,3.2731000185012817,3.0030600118637083,2.9684900033473967,3.6277249962091447,1.850000023841858,8.319999694824219,1.850000023841858,8.319999694824219,1.6640000343322754,8.319999694824219,1.6640000343322754,8.319999694824219,1.6640000343322754,8.960000038146973,1.6640000343322754,15.520000457763672,7800671.375,6269108.4,1678389.257936508,81802506.03662445,1,False,5,5,1051260940.3419496,5,0.2536613581658415,1.0168571301868985,0.1598831932138661,6.991603163680288,1.3374544890730484,8.311108444424688,3.392412418245876,6.429999828338623,4.519999980926514,21390600.0,False,True,False,0.3773584226646994,1.0172955243960309,1.0172955243960309,1.0,4.809797195403417,1.1178398394933735,0.4097938109488199,False,False,1.3043478824240502,2.3472423631002144,1.5728157090845682,2.6837093028107164,0.2720000267028808,1.2910198935962398,0.2230769936149668,0.9975077845286494,4.647712881927354,98.0,99.0,99.0,99.0,99.0,84.0,84.0,99.0,99.0,99.0,98.0,100.0,SKYQ
2026-04-07,86.88999938964844,87.30000305175781,83.98999786376953,85.26000213623047,783600.0,0.0149515099891508,80.9600546974724,78.67276537040092,75.8396011352539,77.52144521077474,78.38553405761719,71.24623371124268,67.3799834060669,67.56666564941406,88.37999725341797,66.95999908447266,88.37999725341797,55.88666534423828,88.37999725341797,54.67333221435547,88.37999725341797,54.67333221435547,88.37999725341797,43.33333206176758,88.37999725341797,774620.0,758746.0,657333.5317460317,71935925.29441833,1,False,18,18,203570751.2111664,18,0.0440592296100899,3.5404766627720425,0.0407466530975005,2.662681075291101,0.3615328954872112,13.60349684851422,9.731418045800098,85.87999725341797,82.62999725341797,654400.0,False,False,False,0.0380942019937753,0.210956404187044,0.2271071186668078,0.9288850363891116,1.1359005516997782,0.1084953420841663,0.9831410057696974,False,False,0.2061354564880406,1.2285871680658684,0.2824461056250362,1.3377221430461017,0.2898069782117183,1.3090931075581942,0.7560630596909925,1.4321964858382468,1.1784276361840662,64.0,94.0,94.0,90.0,90.0,85.0,85.0,87.0,80.0,88.0,85.0,100.0,SNEX
2026-04-07,13.600000381469728,13.68000030517578,13.15999984741211,13.15999984741211,5787300.0,0.0897436602816335,12.629439973283676,11.93914177533287,11.456400108337402,10.99233341217041,9.633000049591065,8.106600031852722,6.971700012683868,7.78000020980835,13.68000030517578,6.090000152587891,13.68000030517578,5.96999979019165,13.68000030517578,5.239999771118164,13.68000030517578,5.239999771118164,13.68000030517578,2.7799999713897705,13.68000030517578,3067740.0,2869342.0,1549207.9365079366,41168806.291885376,1,True,0,0,78707282.20767975,0,0.0401455417876142,0.6178573880876813,0.0454306890262682,9.064656484885449,1.812717401826159,17.910024138009792,16.134440914009605,12.56999969482422,12.300000190734863,928200.0,False,False,False,0.0382353267042685,0.1389706095815936,0.3242646855672756,0.4285715212511515,1.0454661730807968,0.411813589894777,0.9941520524911256,False,False,0.5178571789696507,1.546111461202419,1.0420421461052,2.130058318939606,1.2006473720446411,2.2335530475295733,2.798882869078628,3.098263849455904,1.9801989956977504,92.0,98.0,98.0,98.0,98.0,98.0,98.0,97.0,98.0,97.0,97.0,96.15384615384616,SSL
2026-04-07,7.360000133514404,7.440000057220459,6.980000019073486,7.150000095367432,334500.0,0.0222222678455317,6.953925567688259,6.277075440906922,5.561199989318848,5.201999998092651,4.704199995994568,4.535800001621246,4.835825001001358,3.069999933242798,7.559999942779541,3.069999933242798,7.559999942779541,3.069999933242798,7.559999942779541,3.069999933242798,7.559999942779541,3.069999933242798,7.559999942779541,3.069999933242798,7.559999942779541,591527.5,507046.0,210682.53968253967,6100408.974635601,1,False,25,25,60597921.52762413,25,0.1029278355738816,0.5947857924870082,0.0808132855566943,6.985972118142763,0.269004953161793,7.948295425386522,3.6990901228409903,7.559999942779541,7.139999866485596,340300.0,False,False,False,0.0625000040492285,0.1182065040457623,0.5896738906846948,0.2004608070886569,0.6916729448610185,0.5645593596745762,0.9735449985742192,False,False,1.278637798777968,2.3210536969039235,0.6803652833817029,1.752792447281894,0.2689654985307661,1.2879399909581613,0.6539326851633773,1.3489017757259951,2.807672153996836,96.0,99.0,99.0,97.0,97.0,84.0,84.0,99.0,98.0,97.0,96.0,92.3076923076923,SVCO
2026-04-07,46.0099983215332,48.93000030517578,44.70000076293945,48.060001373291016,1910700.0,-0.0820032062637756,45.82234015093862,41.57713432377235,42.63199984232585,42.63199984232585,0.0,0.0,0.0,11.25,68.97000122070312,0.0,0.0,0.0,0.0,0.0,0.0,0.0,0.0,0.0,0.0,0.0,0.0,0.0,277135349.873085,-1,False,20,20,1213542000.0,20,0.4872237307312053,13.650000163487023,0.2966746503248332,0.0,-0.3010989422070177,3.8661407188682593,3.641761037955098,61.84999847412109,46.02000045776367,4092500.0,False,True,True,0.0919365289404203,0.9017605562278188,1.2545099614509116,0.7188149826924307,0.0,0.0,0.0,True,False,0.0,0.0,0.0,0.0,0.0,0.0,0.0,0.0,0.0,0.0,0.0,0.0,0.0,0.0,0.0,0.0,99.0,0.0,0.0,0.0,0.0,SWMR
2026-04-07,38.70000076293945,41.25,38.59000015258789,40.34999847412109,573400.0,-0.0493735781561303,38.81238133853213,37.542277085104246,37.13119995117187,36.699666595458986,33.17159992218018,28.64589998245239,25.007630319595336,31.88999938964844,41.25,24.61000061035156,41.25,21.649999618530277,41.25,20.5,41.25,20.5,41.25,13.01271584189674,41.25,585065.0,521336.0,366540.07936507935,23105672.448558807,-1,False,29,29,55531148.22845459,29,0.0417369861894296,1.5892857142857142,0.0410668135130289,4.058280857281249,-1.264718045009656,15.529746820733948,15.918707759871312,40.90999984741211,39.900001525878906,630300.0,False,False,True,0.0687338448313268,0.0912144369433018,0.1992247786169564,0.457846848050348,0.900474933632053,0.1666606631494644,0.93818183667732,False,False,0.1136690867032936,1.1343995751350076,0.7825887791316546,1.8594219837626045,0.7424584582714011,1.7685129608247026,1.4630275994569917,2.008777220725572,1.5961828813194163,86.0,88.0,88.0,98.0,98.0,95.0,95.0,80.0,92.0,93.0,92.0,69.23076923076923,TEN
2026-04-07,13.729999542236328,13.989999771118164,13.329999923706056,13.600000381469728,877000.0,0.0080763331572326,11.645649990793626,10.465157019670114,9.656399955749512,9.277666632334393,8.385999984741211,8.094799971580505,8.006474976539613,6.53000020980835,14.130000114440918,6.380000114440918,14.130000114440918,6.380000114440918,14.130000114440918,5.96999979019165,14.130000114440918,5.96999979019165,14.130000114440918,5.96999979019165,14.130000114440918,768315.0,679572.0,463106.3492063492,13152110.696070194,1,False,6,6,123002026.51748656,6,0.0593504854173658,0.7704285212925502,0.0561127856503237,11.356636545552533,0.1427772384292047,12.484969117160295,5.606814371571131,14.130000114440918,13.402999877929688,961300.0,False,True,False,0.0480699103726706,0.3807720219590985,0.4610342414239462,0.8259083333659762,2.4118857163037912,0.6372525121892223,0.9716913963931404,False,False,0.7535120914455535,1.7861529921947967,0.6888068079911103,1.7615978187837005,0.7357774724519535,1.7617320760600232,1.0431547575754845,1.6663405381001613,1.659046569576737,88.0,99.0,99.0,97.0,97.0,95.0,95.0,98.0,97.0,96.0,96.0,96.15384615384616,TH
2026-04-07,4.599999904632568,4.760000228881836,4.400000095367432,4.409999847412109,681100.0,0.0454545011205131,4.112471808729221,3.5995689036086094,3.133600015640259,2.8463333447774253,2.284200007915497,1.9746999990940093,1.8244499987363816,1.309999942779541,4.760000228881836,1.309999942779541,4.760000228881836,1.1399999856948853,4.760000228881836,1.1399999856948853,4.760000228881836,1.1399999856948853,4.760000228881836,0.5699999928474426,4.760000228881836,1953780.0,1571014.0,567007.9365079365,9624107.032883763,1,False,26,26,113207044.4984436,26,0.1173291686972333,0.3885713475091116,0.0844720338184766,12.002009074193053,0.5147054988670952,15.984183935476814,10.297881071037182,4.46999979019165,4.130000114440918,635700.0,False,False,False,0.0782609002125968,0.2391304708383492,0.7043478945928635,0.3395061910088828,0.3562667169102249,1.0138341164048992,0.9663864881185408,False,False,2.0872482383827347,3.1447160846718663,1.335025298389319,2.435669641420012,1.3115577299436365,2.346121817535525,1.4083769555082837,1.9642056663157264,3.445771874081436,97.0,99.0,99.0,99.0,99.0,98.0,98.0,99.0,99.0,99.0,99.0,100.0,TLYS
2026-04-07,190.8600006103516,193.6499938964844,183.4900054931641,189.44000244140625,1447600.0,0.0035227833237538,179.76743119172582,166.56688772630437,152.45840118408202,148.3580009460449,142.00440063476563,128.6761003112793,94.61065015792846,108.43000030517578,203.17999267578125,108.43000030517578,203.17999267578125,92.9499969482422,203.17999267578125,70.91000366210938,203.17999267578125,56.540000915527344,203.17999267578125,28.63999938964844,203.17999267578125,3079985.0,2960832.0,1497083.3333333333,643071164.7618103,1,False,19,19,1319190062.5442505,19,0.0848183924071115,16.61142839704241,0.0870346240381467,3.952942437979073,0.0403335675253912,13.452566377665685,14.758273659704672,203.17999267578125,187.80999755859372,2591900.0,False,True,False,0.0532326751065161,0.2615529603337842,0.4703446962516832,0.5560878275404774,1.3381340109806974,0.3440428589339439,0.93936414750694,True,False,0.7258342248896397,1.7579599136254558,0.5999664611077082,1.6689282721255176,1.6227842437112012,2.6620020158481186,5.039873364124137,4.925953745948495,2.057323684942945,93.0,99.0,99.0,96.0,96.0,99.0,99.0,97.0,95.0,96.0,97.0,96.15384615384616,TSEM
2026-04-07,14.020000457763672,14.25,13.81999969482422,13.880000114440918,2023700.0,0.0196363969282671,13.471979593755822,12.9673474307029,12.659710083007813,12.326494534810385,11.386561756134034,9.98580919265747,8.814265341758729,10.114999787955634,14.81999969482422,8.091999471375445,14.81999969482422,7.695333639070198,14.81999969482422,7.040833183978369,14.81999969482422,7.040833183978369,14.81999969482422,5.03173002004518,14.81999969482422,2678820.0,2594902.0,1576135.3174603174,42392500.763077736,1,False,19,19,168833686.8932724,19,0.0467890026457089,0.7792855671473912,0.0555838474823912,4.160849455098555,0.3464717802384309,15.209692881866332,16.29930872721817,13.75,13.300000190734863,2097700.0,False,False,False,0.030670491521822,0.1077032258134732,0.2620303831234284,0.4110333486126304,1.039599954063776,0.2312760215093887,0.9460189437561228,True,False,0.2489237075230201,1.272171904658079,0.7347014246440986,1.8094705868275411,0.6891057941092968,1.7143625289350302,0.9591893632310328,1.5978606836618432,1.6996129522155987,89.0,95.0,95.0,97.0,97.0,95.0,95.0,91.0,95.0,93.0,93.0,84.61538461538461,VET
2026-04-07,9.520000457763672,9.550000190734863,9.015000343322754,9.420000076293944,1265600.0,-0.0062629923194374,9.16298395691658,8.881059764707416,8.617599983215332,8.567999998728434,8.549599990844726,9.79584416476163,0.0,7.289999961853027,9.8149995803833,7.199999809265137,13.34000015258789,7.199999809265137,14.75,7.199999809265137,14.75,7.199999809265137,14.75,0.0,0.0,1702632.5,1561688.0,0.0,18485855.871019363,-1,False,18,18,68819435.03007889,18,0.0633074614522812,0.5163570131574359,0.054239179446293,2.092628280326981,-0.1161976392564056,-1.8353920454515924,-3.73392293744921,9.800000190734863,9.510000228881836,1009800.0,False,True,False,0.0561974602612346,0.2116595895754586,0.2652310396131448,0.7980196808193216,1.1054192642832628,0.1135024408110427,0.0,False,False,0.1213192832053342,1.1421921768739174,-0.3025640495374085,0.7274968594766021,0.0,0.0,0.0,0.0,0.0,0.0,89.0,89.0,15.0,15.0,0.0,0.0,88.0,82.0,76.0,69.0,92.3076923076923,WLTH
2026-04-07,9.68000030517578,9.699999809265137,9.399999618530272,9.630000114440918,708100.0,-0.0061601095844271,9.445289061439883,9.396941896833102,9.47619987487793,9.397166601816814,9.139299926757811,8.924249992370605,9.493974993228912,8.420000076293945,11.399999618530272,8.079999923706055,11.399999618530272,8.010000228881836,11.399999618530272,8.010000228881836,12.029999732971191,7.159999847412109,12.029999732971191,6.190000057220459,13.15999984741211,1123542.5,1074092.0,1223826.984126984,15203199.018511772,-1,False,28,28,103819117.9389,28,0.0527961200408453,0.3994285719735281,0.0412632809277865,1.433771643851645,-0.1502132550156157,6.394305105963853,3.209161833245474,9.920000076293944,9.27400016784668,911700.0,True,True,False,0.0309917542641457,0.125,0.2778925098736815,0.4498142107422033,0.6730335948875887,0.0591621221265448,0.7355623417487605,False,False,0.0779510911606493,1.098016703910492,0.1606714781860154,1.2106987813064882,-0.007179455879407,1.0076659169207125,0.3028264507161189,1.0625492370991945,0.9180566489972256,35.0,84.0,84.0,83.0,83.0,54.0,54.0,69.0,68.0,63.0,55.0,73.07692307692307,ZVRA
