date,close,high,low,open,volume,price_chg_pct0,ema10,ema20,sma25,sma30,sma50,sma100,sma200,min30,max30,min60,max60,min90,max90,min120,max120,min150,max150,min252,max252,vol_sma40,vol_sma50,vol_sma252,avg_dollar_vol,adr_pct,atr14,atr_pct,atr_multi_50sma,vars_norm_change,vars,vars_20ema,previous_session_high,previous_session_low,previous_session_volume,inside_day,tight_day,close_to_ma,range_pct,range10_pct,range20_pct,range_contraction_10_20,vol_dry_10_50,dist_sma50_pct,close_vs_252h,nr7,nr20,perf_1mo,rela_perf_1mo,perf_3mo,rela_perf_3mo,perf_6mo,rela_perf_6mo,perf_12mo,rela_perf_12mo,vol_ratio,vol_ratio_rank,perf_1mo_rank,rela_perf_1mo_rank,perf_3mo_rank,rela_perf_3mo_rank,perf_6mo_rank,rela_perf_6mo_rank,c0_c30_rank,c0_c60_rank,c0_c90_rank,c0_c120_rank,rs_sts_pct,coiled_theme_score,coiled_is_candidate,coiled_flags,ticker
2026-04-29,20.93000030517578,21.100000381469727,20.70499992370605,20.940000534057617,642600.0,-0.0118035881207663,21.36064034382925,21.22206420750828,20.924800033569337,20.794666735331216,21.55380012512207,21.40570016860962,22.089400081634523,19.06999969482422,22.86000061035156,19.06999969482422,27.31999969482422,18.959999084472656,27.31999969482422,17.700000762939453,27.31999969482422,17.700000762939453,27.31999969482422,11.890999794006348,27.31999969482422,877177.5,845258.0,1128119.8412698412,15858492.782783508,0.039635899624054,0.8957144873482841,0.0427957226129033,-0.6762714136571594,-0.279106795224572,0.4608621904820982,0.9285660997979842,21.6299991607666,21.100000381469727,468600.0,False,True,True,0.018872453511909,0.1184902729777639,0.1571906769018899,0.7537996229364117,0.8958684803929687,-0.0289415238299077,0.7661054370048538,True,True,0.0895367674480209,0.9685768856704926,-0.0305697009146616,0.9479765576410644,-0.112759636719218,0.8548153262969457,0.6690590405777777,1.293143858635112,0.7775570182442905,25.0,61.0,61.0,45.0,45.0,37.0,37.0,41.0,34.0,31.0,44.0,3.8461538461538463,94.0,True,tight; NR20; volDry=0.90; 50SMA=-2.9%; 252H=0.77x; prior=2.3x; blind=1m/RS/VARS,ADNT
2026-04-29,21.71999931335449,21.96999931335449,21.36000061035156,21.76000022888184,505300.0,-0.003212556183188,21.80243486496687,22.250561716574943,22.44220008850097,22.9251667658488,24.08930004119873,28.176450023651125,30.13907503128052,19.88999938964844,26.239999771118164,19.88999938964844,27.700000762939453,19.88999938964844,37.81499862670898,19.88999938964844,46.05899810791016,19.88999938964844,46.05899810791016,19.88999938964844,46.05899810791016,728290.0,899320.0,850975.3968253968,17718663.024072647,0.054998248052589,1.1565712520054408,0.0532491385160553,-1.8470702820186384,-0.0605251099328917,-15.555697753223882,-14.2259903582589,22.780000686645508,21.57999992370605,703600.0,False,True,True,0.0280846557222436,0.0851749742152274,0.245395952679838,0.3470920089963875,0.918671885424543,-0.0983549012960999,0.4715690789119511,True,True,-0.0881612262121913,0.8106068433263139,-0.2810327715462215,0.7030562990752488,-0.3011583215356538,0.6733018493404073,-0.2991287681906683,0.5430169377318852,0.8558296781750914,33.0,9.0,9.0,15.0,15.0,23.0,23.0,39.0,33.0,27.0,24.0,23.07692307692308,94.0,True,tight; NR20; volDry=0.92; 50SMA=-9.8%; 252H=0.47x; prior=2.3x; blind=1m/RS/VARS,APPN
2026-04-29,14.020000457763672,14.220000267028809,13.8100004196167,13.949999809265137,952200.0,0.0014286041259765,14.27981233895058,14.23230082060097,14.148800010681152,14.224333349863688,13.898199977874755,13.653999967575071,15.22065001964569,12.770000457763672,15.4399995803833,11.050000190734863,16.3700008392334,11.050000190734863,16.3700008392334,11.050000190734863,17.84000015258789,11.050000190734863,19.940000534057617,9.399999618530272,19.940000534057617,1189840.0,1407162.0,1292776.1904761903,14689119.32554245,0.0415890674627712,0.53642851965768,0.0382616620643995,0.229048056693132,0.0372844787902684,-3.8111848275609,-3.211221836140465,14.279999732971191,13.779999732971191,1562100.0,True,True,True,0.0292439253941014,0.1184022677041264,0.1904421565935897,0.6217229935953783,0.751270997937693,0.0087637593417,0.7031093321094672,True,False,0.0263543641561434,0.912408964368522,0.0893551346099823,1.0652474257618418,-0.2705514589679377,0.7027901552105362,0.4161617169683327,1.097205540732588,0.920375861471989,39.0,38.0,38.0,75.0,75.0,25.0,25.0,41.0,71.0,65.0,58.0,11.538461538461538,100.0,True,inside; tight; NR7; volDry=0.75; 50SMA=+0.9%; 252H=0.70x; prior=2.1x; blind=1m/RS/VARS,ARLO
2026-04-29,78.89978790283203,79.43672499825412,77.81597591129832,79.15831485679986,944800.0,-0.0070078967504748,79.18800933797267,78.03345285902672,76.4911312866211,75.67750701904296,76.25648834228515,78.28373626708985,70.37479124069213,68.86703566712369,84.79614324570792,66.67951597573483,89.29489338943159,66.67951597573483,89.29489338943159,58.0616711756228,89.29489338943159,57.57012146726483,89.29489338943159,43.00683216367418,89.29489338943159,954012.5,968478.0,889764.2857142857,61437742.113609314,0.0352546359392642,2.893488285367982,0.0366729539112502,0.9451999483408456,-0.192440291977175,3.6507678191013153,6.06665863383548,79.78473351943435,77.41823985422606,557300.0,True,True,True,0.0205418687430669,0.1135476261135076,0.1924385450730821,0.5900461680916667,0.9018687053293932,0.0346632741424199,0.8835867865224434,False,False,0.1407418871126333,1.0140972359853353,-0.0525874266815994,0.9264460897989514,0.1314876806716658,1.09013639480718,0.7517351049286745,1.3571991390489635,1.072208128958713,57.0,74.0,74.0,41.0,41.0,71.0,71.0,57.0,58.0,52.0,68.0,19.230769230769237,90.0,True,inside; tight; volDry=0.90; 50SMA=+3.5%; 252H=0.88x; prior=2.1x; blind=RS,BC
2026-04-29,91.11000061035156,93.48999786376952,90.41999816894533,90.47000122070312,1891500.0,0.0007688894345372,92.35930494556722,90.01721140274515,87.1,86.99466654459636,83.6127996826172,72.9368998336792,69.32279993057251,72.62999725341797,98.79000091552734,58.25,98.79000091552734,54.38999938964844,98.79000091552734,43.40999984741211,98.79000091552734,43.40999984741211,98.79000091552734,43.40999984741211,101.5,2774587.5,3327880.0,3956712.698412698,222399863.5773468,0.041968597995758,3.710214887346541,0.0407223670562131,2.2018785997958124,0.0188667494874618,7.583374808267921,9.680457007140456,94.33999633789062,89.58499908447266,3064200.0,True,True,True,0.0336955292970925,0.1159916663666045,0.23696634642358,0.4894858198947292,0.8280286548793827,0.0896657085541057,0.8976354739936114,False,False,0.1841694530713915,1.0527034931078978,0.453110039899786,1.4209523415943974,0.4475691547233122,1.3946663728829984,-0.0220051843191543,0.7577251366955043,0.7012355233962456,20.0,81.0,81.0,94.0,94.0,89.0,89.0,78.0,89.0,89.0,93.0,61.53846153846154,91.0,True,inside; tight; volDry=0.83; 50SMA=+9.0%; 252H=0.90x; prior=2.3x; blind=RS,CAVA
2026-04-29,475.3900146484375,482.5400085449219,468.30999755859375,480.1400146484375,1830400.0,0.0035888707768148,491.0674807714384,474.6137804789265,465.15680053710935,454.931000773112,407.41580078125,325.5413995361328,232.61249954223632,361.7000122070313,527.8599853515625,238.57000732421875,527.8599853515625,209.0,527.8599853515625,168.22000122070312,527.8599853515625,133.6699981689453,527.8599853515625,64.70999908447266,527.8599853515625,3042337.5,2937758.0,2750126.984126984,1217444266.791077,0.0645041920440676,29.5749991280692,0.0622120747528545,2.681832442725065,0.0574813950008807,10.886041146357115,11.787297865796612,493.30999755859375,461.0700073242188,3103100.0,True,True,True,0.029933340095188,0.1404951218353556,0.2693367005658131,0.5216337823260195,0.7178977982529534,0.1668423604014421,0.9005986963225121,True,True,0.3024383962970891,1.157842271461747,0.8476099386019034,1.806721856240505,1.6043060815898031,2.5091292563374843,6.150872302097383,5.540311263129487,1.1062534630435534,60.0,90.0,90.0,98.0,98.0,98.0,98.0,83.0,96.0,96.0,97.0,38.46153846153847,91.0,True,inside; tight; NR20; volDry=0.72; 50SMA=+16.7%; 252H=0.90x; prior=8.2x; blind=RS,CIEN
2026-04-29,304.92999267578125,311.4800109863281,298.0899963378906,308.4599914550781,6884400.0,0.0031581782781948,319.4991624819306,308.282799378234,294.1180017089844,288.8913345336914,274.75500030517577,236.28559997558597,176.2053000640869,215.5500030517578,364.7999877929688,175.24000549316406,364.7999877929688,167.5,364.7999877929688,126.0,364.7999877929688,102.13999938964844,364.7999877929688,61.04999923706055,364.7999877929688,7747415.0,7627714.0,4809336.507936508,1731853138.3772278,0.069269323915958,21.890714372907365,0.0717893119690026,1.5298250675503493,0.0438538203333483,5.051594666161147,7.783644633896684,312.5199890136719,291.0,6393400.0,True,True,True,0.0439117665367687,0.2420227251027978,0.4361984642431014,0.5548454314775261,0.7535599787826339,0.1098250890323726,0.8358826833317634,True,False,0.3882540457501093,1.234130706117957,0.378900214874718,1.348384799052366,1.258907921084743,2.1763539978013027,3.704983863023581,3.645300040039372,1.6109113985297117,87.0,93.0,93.0,93.0,93.0,98.0,98.0,89.0,93.0,92.0,95.0,53.84615384615385,100.0,True,inside; tight; NR7; volDry=0.75; 50SMA=+11.0%; 252H=0.84x; prior=6.0x; blind=RS,COHR
2026-04-29,17.469999313354492,17.700000762939453,17.309999465942383,17.489999771118164,1719800.0,0.0104105487736267,17.24517871377432,17.814068252907745,18.510000076293945,18.966333389282227,19.360800018310545,20.90000003814697,20.162400007247925,16.010000228881836,23.440000534057617,16.010000228881836,23.440000534057617,16.010000228881836,25.850000381469727,16.010000228881836,28.100000381469727,16.010000228881836,28.100000381469727,14.649999618530272,31.170000076293945,2084992.5,2089084.0,2549882.936507937,35869644.16844368,0.0462020292723288,0.7621429988316127,0.0436258173318308,-2.238612270424976,0.2361740488374113,-8.096505193985188,-5.436219107685878,17.549999237060547,17.0,1915600.0,False,True,True,0.0223240590913443,0.0967372982531109,0.275329115912758,0.3513515013928405,0.985092030765637,-0.097661289986355,0.5604747921268418,True,True,-0.2015539312871527,0.7098029453573559,-0.2204373301068132,0.7623107478362053,-0.011318662256701,0.9525490445471092,-0.062265158328884,0.7265327481257934,0.8176816551646862,29.0,3.0,3.0,20.0,20.0,49.0,49.0,39.0,32.0,27.0,23.0,42.30769230769231,94.0,True,tight; NR20; volDry=0.99; 50SMA=-9.8%; 252H=0.56x; prior=2.1x; blind=1m/RS/VARS,CRK
2026-04-29,13.423768043518066,13.623527264801412,13.343864736013751,13.52364765415974,7245800.0,-0.0281995833831574,14.237594580576689,14.42525989926712,14.359436836242676,14.064992872873942,15.149316082000732,14.938157663345336,12.422200574874878,11.706844004271437,15.970688610185194,11.706844004271437,18.91940270456049,11.706844004271437,18.91940270456049,10.287924866302395,18.91940270456049,10.218074221726072,18.91940270456049,5.597987810681416,18.91940270456049,9668417.5,9669596.0,12633890.07936508,123235019.60311411,0.0418773133774774,0.6437931596584413,0.0479591987563663,-2.3749917673947745,-0.6050533814573464,-2.265270983429026,1.6886067080027172,14.07797757105034,13.613539004562304,9347500.0,False,True,False,0.0208333850734779,0.1956845399634162,0.1956845399634162,1.0,0.8647062400538761,-0.1139027022172196,0.7095238815484535,True,True,0.0386398917488293,0.9233305582146978,-0.2142189238942669,0.7683915391225364,0.2715096773494199,1.2250411553798968,1.016877425526325,1.5626245645188883,0.7652763669197515,25.0,43.0,43.0,21.0,21.0,82.0,82.0,57.0,49.0,42.0,63.0,3.8461538461538463,98.0,True,tight; NR20; volDry=0.86; 50SMA=-11.4%; 252H=0.71x; prior=3.4x; blind=1m/RS/VARS,EQX
2026-04-29,643.4600219726562,654.5399780273438,631.0,646.7999877929688,484600.0,0.0089692222941502,668.350776561638,648.1833545773194,628.152001953125,613.2876658121745,584.1154022216797,530.2739010620118,451.4148509216309,485.0,734.7899780273438,412.0799865722656,734.7899780273438,412.0799865722656,734.7899780273438,370.9100036621094,734.7899780273438,354.4100036621094,734.7899780273438,193.5399932861328,734.7899780273438,664742.5,684914.0,649928.1746031746,428043936.1404419,0.059870800787787,41.380706787109375,0.0643096779505407,1.5798154569525305,0.138229435463947,2.6690180442306244,4.184963875964058,667.3499755859375,625.0,929800.0,True,True,True,0.0365834352151004,0.1706243966653289,0.361762907271356,0.471647018629648,0.9257220614558908,0.1015974232579035,0.875706040112473,True,False,0.3081646246749892,1.1629327765411623,0.2843513412627869,1.255928316291259,0.5189916296204296,1.463478645983781,2.169285454570324,2.455480556529913,1.0227937885688223,52.0,90.0,90.0,89.0,89.0,91.0,91.0,84.0,89.0,85.0,87.0,42.30769230769231,97.0,True,inside; tight; NR7; volDry=0.93; 50SMA=+10.2%; 252H=0.88x; prior=3.8x; blind=RS,FN
2026-04-29,18.71999931335449,19.03499984741211,18.5049991607666,18.770000457763672,536500.0,-0.0152551768561657,19.230448330522115,18.69885934015485,18.004800071716307,17.577333386739095,17.681200065612792,18.561400022506717,13.47057502269745,14.199999809265137,21.6200008392334,14.199999809265137,21.690000534057617,13.6899995803833,25.770000457763672,11.6899995803833,25.770000457763672,6.369999885559082,25.770000457763672,3.509999990463257,25.770000457763672,1096440.0,1086600.0,1096941.6666666667,17319070.77348709,0.0583727043576478,1.0489285332815987,0.0560325091750037,1.0485274805670155,-0.276473473955436,-1.5429197785941324,1.334617669431131,19.850000381469727,18.68000030517578,713400.0,False,True,True,0.0283120035302253,0.1907052207863106,0.2836539299177731,0.6723165120313797,0.7999355788698693,0.0587516256751148,0.7264260372845573,True,True,0.2054088625391747,1.0715849128914363,-0.1140558420791093,0.8663379862177439,0.5194805013849952,1.4639496514680213,2.781818188824054,2.9300551067740948,0.999542667872038,49.0,83.0,83.0,32.0,32.0,91.0,91.0,84.0,76.0,75.0,82.0,61.53846153846154,100.0,True,tight; NR20; volDry=0.80; 50SMA=+5.9%; 252H=0.73x; prior=7.3x; blind=RS/VARS,GLUE
2026-04-29,21.90999984741211,22.299999237060547,21.690000534057617,22.100000381469727,4053000.0,-0.0236185683614897,21.680855171183683,21.74662469664277,21.39440002441406,21.518666648864745,22.977999954223638,29.412849884033204,37.5178249168396,18.729999542236328,24.200000762939453,18.729999542236328,34.560001373291016,18.729999542236328,38.95000076293945,18.729999542236328,47.34999847412109,18.729999542236328,52.380001068115234,18.729999542236328,54.08000183105469,6566935.0,6721184.0,5015865.873015873,132590158.03419112,0.0544886665714874,1.181000028337751,0.0539023293730074,-0.8622864038495341,-0.4487727975684132,-11.769547995264055,-13.212299484107964,23.270000457763672,22.01000022888184,9621700.0,False,True,True,0.0278411094135621,0.1405750773690602,0.2496577480053799,0.5630711583845214,0.7922502939958198,-0.0464792457541637,0.4051405160055042,True,True,0.0533654159166414,0.9364212613138988,-0.4114170384011165,0.5755574695252795,-0.5483405358584308,0.4351531424783658,-0.5334327028414134,0.3614842976146321,1.3092325764387955,76.0,48.0,48.0,8.0,8.0,10.0,10.0,64.0,55.0,48.0,41.0,34.61538461538461,100.0,True,tight; NR20; volDry=0.79; 50SMA=-4.6%; 252H=0.41x; prior=2.9x; blind=1m/RS/VARS,GTLB
2026-04-29,139.22999572753906,139.5399932861328,135.64999389648438,137.75999450683594,681500.0,0.0040383469098448,138.10979862031212,139.36477649942194,139.59959869384767,142.28133214314778,144.74799911499022,158.72719963073732,193.46084972381595,115.56999969482422,163.07000732421875,115.56999969482422,172.47999572753906,115.56999969482422,209.1100006103516,115.56999969482422,229.8500061035156,115.56999969482422,255.88999938964844,115.56999969482422,272.6000061035156,1497457.5,1591090.0,1079140.0793650793,191482804.08535004,0.0585493393573286,7.972857339041574,0.0572639343797995,-0.6657147970957423,0.0702380006038171,-14.816360350386642,-14.283525710533633,142.85000610351562,137.52999877929688,1034900.0,False,True,True,0.0279393773541502,0.1687854680825204,0.2674710838650384,0.6310419266393928,0.7021538693599985,-0.0381214484565521,0.5107483221209783,True,True,-0.0391304237941922,0.8541942681171129,-0.1442006660631556,0.8368602749289034,-0.4497925546396396,0.5300995946550314,-0.3023500996252013,0.5405211332936237,1.3876395925179992,80.0,15.0,15.0,28.0,28.0,14.0,14.0,71.0,62.0,56.0,48.0,34.61538461538461,100.0,True,tight; NR20; volDry=0.70; 50SMA=-3.8%; 252H=0.51x; prior=2.4x; blind=1m/RS/VARS,GWRE
2026-04-29,89.94983673095703,91.4884664410028,89.86990613294394,89.87989936334593,610100.0,0.0054724065532085,88.6032756206288,88.77402469107595,90.3518817138672,90.24191284179688,87.71738098144532,88.80536170959472,76.33331594467163,82.09683947026122,100.64031407483898,75.71252289213056,100.64031407483898,75.71252289213056,105.15215758106804,64.47812766839506,105.15215758106804,61.22729581860524,105.15215758106804,40.63069524484823,105.15215758106804,805190.0,864730.0,913670.238095238,67383837.32089996,0.0448899992577827,3.466909408129042,0.0385426981763033,0.6603209691218551,0.1412102050123797,1.4900358866007233,3.824473489902129,89.64011377406,87.32217982655311,621300.0,False,True,True,0.0179940327507209,0.0906365390387662,0.1588359553424501,0.570629860495717,0.9348698437662624,0.0254505518123477,0.8554254976804386,True,True,-0.0444704135182834,0.8494471216499154,0.0002753112416917,0.978138961758168,0.4000242245329206,1.3488590170677364,0.8513889572631133,1.4344083713185425,0.8812698131424409,35.0,14.0,14.0,54.0,54.0,88.0,88.0,40.0,59.0,52.0,71.0,38.46153846153847,95.0,True,tight; NR20; volDry=0.93; 50SMA=+2.5%; 252H=0.86x; prior=2.6x; blind=1m/RS/VARS,HCC
2026-04-29,31.43000030517578,31.690000534057617,31.100000381469727,31.479999542236328,2015600.0,-0.0025388741074247,31.25826993298102,31.31436649894792,31.41239997863769,31.366999944051106,31.05235736846924,35.40830169677734,42.31562829971313,29.75,33.40999984741211,27.784533106970574,38.1248010883946,27.784533106970574,44.63680175817355,27.784533106970574,51.232230618984666,27.784533106970574,51.68163883576876,27.784533106970574,62.21324170137547,2146287.5,2315518.0,1765469.4444444445,66117760.58515549,0.0382905444267998,1.2200001307896204,0.0388164212199741,0.313307866036948,-0.0655737009259797,-9.819195868936491,-10.15366790236315,32.09000015258789,31.030000686645508,2493200.0,True,True,True,0.0187718786783063,0.092586634165074,0.1164492463211778,0.7950814375364142,0.9564771252048138,0.0121614900996214,0.5051979200190254,True,True,-0.0066371393338698,0.8830801627542444,-0.1842578285075206,0.7976895877751122,-0.3864019951054767,0.5911734863251211,-0.4612889007945924,0.4173794530808754,1.2157035664105706,71.0,21.0,21.0,24.0,24.0,18.0,18.0,25.0,44.0,38.0,32.0,23.07692307692308,97.0,True,inside; tight; NR20; volDry=0.96; 50SMA=+1.2%; 252H=0.51x; prior=2.2x; blind=1m/RS/VARS,HRB
2026-04-29,135.02999877929688,136.97999572753906,132.77000427246094,134.4199981689453,1487500.0,0.0006669359438444,140.3036781238487,144.247766722704,149.54159912109375,148.14533233642578,148.15600006103514,159.1042001342773,154.98969985961915,132.57000732421875,166.19000244140625,132.57000732421875,167.3699951171875,132.57000732421875,186.19000244140625,132.57000732421875,212.75,132.57000732421875,212.75,63.810001373291016,212.75,2182092.5,2305816.0,2833323.015873016,274234880.1399994,0.0353555230663371,5.301429748535156,0.0392611256495692,-2.2565785257385778,0.0169758616372294,-12.09298986232036,-8.506898188358539,138.7899932861328,132.57000732421875,1357400.0,True,True,False,0.0311781936839031,0.1007923089283861,0.2489816738585515,0.4048181834685838,0.707181318891013,-0.088595813037142,0.6346885959073884,False,False,-0.119293032032309,0.7829312765832332,-0.1338123079865553,0.8470187359737974,-0.1767467670895037,0.7931666660353395,0.9328656971023372,1.4975344460607698,0.7701530985967175,25.0,6.0,6.0,29.0,29.0,31.0,31.0,10.0,8.0,6.0,4.0,7.6923076923076925,93.0,True,inside; tight; volDry=0.71; 50SMA=-8.9%; 252H=0.63x; prior=3.3x; blind=1m/RS/VARS,INSM
2026-04-29,15.199999809265137,15.350000381469728,14.960000038146973,15.039999961853027,1873900.0,0.0235689844312831,14.6266406002294,14.50918097984854,14.750799942016602,14.762999947865804,13.782999935150146,11.498299961090089,9.970599977970124,13.09000015258789,17.219999313354492,9.06999969482422,17.219999313354492,8.220000267028809,17.219999313354492,8.180000305175781,17.219999313354492,7.710000038146973,17.219999313354492,5.829999923706055,17.219999313354492,2010675.0,1745980.0,708717.4603174604,20830541.52261257,0.0556258695105362,0.7292857851300921,0.0479793285711462,2.142751912760434,0.479920814215481,8.443900427472526,9.549971509896237,14.920000076293944,14.460000038146973,1239500.0,False,True,False,0.0256579176458298,0.1486842274500724,0.1802631450987256,0.8248176706816127,0.7394185500406648,0.1028077980687849,0.8826945653521135,True,True,-0.0367553823523955,0.8563056335264896,0.608465620746625,1.5728698635456586,0.6274089465676915,1.5679337496941428,1.580645187405508,1.9994172730129856,2.837061470306298,96.0,15.0,15.0,97.0,97.0,93.0,93.0,62.0,92.0,92.0,90.0,50.0,94.0,True,tight; NR20; volDry=0.74; 50SMA=+10.3%; 252H=0.88x; prior=3.0x; blind=1m/RS,LXU
2026-04-29,66.66000366210938,67.02999877929688,65.18000030517578,66.5199966430664,620800.0,-0.0087731797455854,66.8888167023711,67.38635747466904,66.48679946899414,67.75199979146322,70.79429969787597,100.50034969329836,149.88369955062865,57.5,77.29000091552734,57.5,109.58000183105467,57.5,151.4600067138672,57.5,194.91000366210935,57.5,220.8000030517578,57.5,316.9800109863281,1470327.5,1763460.0,1423986.9047619049,98894256.07278824,0.0572275121547865,4.216071537562779,0.0632473943285914,-0.9233378586597422,-0.1399398308672175,-16.31777795829062,-15.65480529515843,70.06500244140625,66.38999938964844,1142700.0,False,True,True,0.0277527508623985,0.1711671622453721,0.2412241366286455,0.7095772613703113,0.7850078822315221,-0.0583987136451699,0.2102971838971402,True,True,-0.01797279965634,0.8730029823412572,-0.4715814280158016,0.5167245333014817,-0.6646543713076425,0.3230901059921618,-0.7572115229645444,0.1881062445323011,1.0325428521028734,53.0,19.0,19.0,6.0,6.0,6.0,6.0,61.0,52.0,45.0,38.0,26.923076923076923,100.0,True,tight; NR20; volDry=0.79; 50SMA=-5.8%; 252H=0.21x; prior=5.5x; blind=1m/RS/VARS,MNDY
2026-04-29,6.650000095367432,6.670000076293945,6.480000019073486,6.619999885559082,1119600.0,-0.0104166215788262,6.588978875423434,6.542337840913394,6.356000022888184,6.442333348592123,6.719200010299683,9.007700033187866,12.328550009727476,5.699999809265137,7.190000057220459,5.699999809265137,10.260000228881836,5.699999809265137,13.55799961090088,5.699999809265137,16.31999969482422,5.699999809265137,16.90999984741211,5.699999809265137,18.0,2916667.5,3173524.0,2365866.26984127,16557552.44964838,0.0633163073305804,0.4369284766060965,0.065703529374454,-0.1567470198705371,-0.1602085892133908,-14.41324042693666,-16.59276320027574,7.139999866485596,6.684999942779541,1963300.0,False,True,True,0.0285714367662668,0.153383453578756,0.2165413588826264,0.7083332919412205,0.7345335973510835,-0.0102988324244219,0.3694444497426351,True,True,0.0813008117474065,0.9612552820666914,-0.3819702645063521,0.6043525787525559,-0.5897593787196831,0.395247990345337,-0.5764331097989551,0.3281686923399938,1.2328116500835375,72.0,59.0,59.0,9.0,9.0,9.0,9.0,63.0,54.0,48.0,40.0,42.30769230769231,100.0,True,tight; NR20; volDry=0.73; 50SMA=-1.0%; 252H=0.37x; prior=3.2x; blind=1m/RS/VARS,PD
2026-04-29,9.369999885559082,9.404999732971191,9.130000114440918,9.380000114440918,899700.0,-0.0053078758312,9.30927145345844,9.44411407352853,9.322000007629397,9.698666667938232,10.578000011444091,13.110000009536742,18.96025002002716,7.769999980926514,12.354999542236328,7.769999980926514,13.244999885559082,7.769999980926514,17.600000381469727,7.769999980926514,23.30500030517578,7.769999980926514,24.2450008392334,7.769999980926514,32.7599983215332,2222337.5,2106762.0,1184243.253968254,17487162.73080349,0.0584140129295873,0.4597856657845633,0.049069975603007,-2.3272743037148538,-0.1087467366985975,-16.48725575875022,-16.40195309267068,9.906000137329102,9.359999656677246,1021400.0,False,True,True,0.0293489457725713,0.1276414208953607,0.2252934991267824,0.5665561651360895,0.6449803062709504,-0.1141992933047931,0.2860195471805066,True,True,-0.178790533666459,0.7300391608146579,-0.3608458401714688,0.625009514152683,-0.6007669297106657,0.3846427207008255,-0.6173948561400389,0.2964325886838851,1.876588692866284,91.0,4.0,4.0,10.0,10.0,8.0,8.0,71.0,62.0,56.0,48.0,50.0,100.0,True,tight; NR20; volDry=0.64; 50SMA=-11.4%; 252H=0.29x; prior=4.2x; blind=1m/RS/VARS,PHR
2026-04-29,53.68000030517578,54.275001525878906,52.69100189208984,54.0,2822600.0,-0.016489584017691,52.79533939388208,51.95641602048592,50.41400009155274,50.39633331298828,51.69379989624024,60.55160011291504,70.7634998703003,42.25,56.5,42.25,58.15999984741211,42.25,80.69999694824219,42.25,92.76599884033205,42.25,92.76599884033205,42.25,103.0,4065112.5,3846832.0,3725280.158730159,170924749.36286926,0.0638176384294708,3.130214418683733,0.0583124888391984,0.6589053466812356,-0.2875207271766898,-9.47521792384067,-8.881602229441201,55.790000915527344,53.09999847412109,2723000.0,False,True,True,0.0295081897314433,0.1233047586358335,0.265461995510198,0.4644911916632401,0.7706471194998897,0.0384224106744377,0.521165051506561,True,True,0.1777094811041095,1.0469607043223077,-0.1504984733060833,0.8307018397773814,-0.309937014096873,0.6648439823894148,-0.2305046063452368,0.5961851668280126,1.0912232977896836,59.0,80.0,80.0,27.0,27.0,22.0,22.0,80.0,71.0,65.0,59.0,65.38461538461539,98.0,True,tight; NR20; volDry=0.77; 50SMA=+3.8%; 252H=0.52x; prior=2.4x; blind=RS/VARS,RBRK
2026-04-29,5.849999904632568,5.894999980926514,5.735000133514404,5.860000133514404,1754700.0,0.005154593141984,5.864098735468241,5.857729831561379,5.65,5.736666663487752,6.081400003433227,9.73760003566742,14.315150015354156,4.96999979019165,6.690000057220459,4.96999979019165,11.71500015258789,4.96999979019165,16.09000015258789,4.96999979019165,16.8799991607666,4.96999979019165,20.170000076293945,4.96999979019165,27.100000381469727,2266510.0,2189698.0,1277271.0317460315,11883050.871975422,0.069498914040913,0.3896428516932896,0.0666056167598797,-0.5712801259967707,0.0769928996280058,-18.48095539648013,-16.142230440057226,6.239999771118164,5.809999942779541,1462400.0,False,True,True,0.0273504017128969,0.2034188165162374,0.2940171444561484,0.6918603909731413,0.8835373645132799,-0.0380504651346766,0.2158671521138666,True,True,0.0733945154800594,0.9542267392541786,-0.5331205084355273,0.4565473285331451,-0.6894904534367,0.299161681939649,-0.7585637633036192,0.187058563625059,1.774494170514207,90.0,56.0,56.0,4.0,4.0,6.0,6.0,65.0,56.0,50.0,42.0,34.61538461538461,100.0,True,tight; NR20; volDry=0.88; 50SMA=-3.8%; 252H=0.22x; prior=5.5x; blind=1m/RS/VARS,RPD
2026-04-29,29.020000457763672,29.3700008392334,28.770000457763672,29.1299991607666,471600.0,-0.0245377997390362,31.19730269725779,31.3944174570101,31.07639991760254,30.43599993387858,31.96619983673096,29.6504998588562,23.393799896240235,25.149999618530277,34.689998626708984,25.149999618530277,38.77000045776367,22.600000381469727,38.77000045776367,15.699999809265137,38.77000045776367,15.43000030517578,38.77000045776367,10.920000076293944,38.77000045776367,809720.0,828874.0,728098.0158730159,20868359.07016754,0.0453234491220553,1.4317143304007394,0.0493354344526798,-1.868151816417972,-0.5098779321654201,5.143878731172027,9.830437868662251,30.81999969482422,29.46500015258789,481500.0,False,True,False,0.0206754090973561,0.2039971769663272,0.2039971769663272,1.0,0.77039453523696,-0.0921660814865437,0.7485168974753631,True,True,0.0606725076893475,0.9429171230452044,-0.1687195478485533,0.8128840022932536,0.7991321740641959,1.73338118966677,1.4023179338614224,1.8612539204044567,1.112103016829563,61.0,51.0,51.0,25.0,25.0,95.0,95.0,60.0,50.0,67.0,89.0,0.0,94.0,True,tight; NR20; volDry=0.77; 50SMA=-9.2%; 252H=0.75x; prior=3.6x; blind=1m/RS,SKE
2026-04-29,141.22000122070312,142.36000061035156,138.77000427246094,141.33999633789062,4323100.0,-0.0093995255389919,144.31210736759115,147.06561181236043,146.41920166015626,150.42300109863282,159.49240051269533,183.94640029907225,207.850700302124,118.3000030517578,177.75,118.3000030517578,190.1699981689453,118.3000030517578,236.30999755859372,118.3000030517578,275.8699951171875,118.3000030517578,280.6700134277344,118.3000030517578,280.6700134277344,6351967.5,6798242.0,5456800.0,1122130849.8067474,0.0585901798327526,8.374713352748326,0.0593026007672954,-1.9318875432102376,-0.1600050391516838,-15.758494913124444,-13.379925427328196,146.3800048828125,141.5,3578800.0,False,True,True,0.025421302272049,0.1586177149331485,0.2799886201979169,0.5665148634291838,0.9317452953278216,-0.1145659557023078,0.5031531494798029,True,True,-0.0810177464475181,0.8169572571811152,-0.3462036980523003,0.6393276219070175,-0.4690378592602324,0.5115576278670192,-0.111600432460327,0.6883090512965485,1.164046235889166,66.0,9.0,9.0,11.0,11.0,13.0,13.0,69.0,60.0,54.0,46.0,19.230769230769237,94.0,True,tight; NR20; volDry=0.93; 50SMA=-11.5%; 252H=0.50x; prior=2.4x; blind=1m/RS/VARS,SNOW
2026-04-29,15.989999771118164,16.03499984741211,15.470000267028809,15.850000381469728,1499000.0,0.0309477456578304,15.130547321017128,14.962140682559138,15.209999961853027,15.180333296457926,14.34459997177124,12.959599990844726,11.230900013446808,12.470000267028809,17.0049991607666,10.850000381469728,17.0049991607666,10.32699966430664,17.0049991607666,9.350000381469728,17.0049991607666,8.96500015258789,17.0049991607666,6.760000228881836,17.0049991607666,2488042.5,2539850.0,2321153.571428572,29807972.917923927,0.0457657343104578,0.718928405216762,0.0449611266733925,2.5512076754083948,0.6676597262721937,4.995881346244678,6.227894489950191,16.139999389648438,15.260000228881836,1168300.0,True,True,False,0.0353345583784077,0.2295183974454172,0.2514071020407676,0.9129352177497316,0.6199618087682344,0.1147051714641682,0.9403117059840724,False,False,-0.0202205839385347,0.871004746058872,0.3562340816670388,1.3262202731926702,0.6416837933131174,1.581686908684125,1.1608107520334046,1.6741403903228218,1.071899132666485,57.0,18.0,18.0,92.0,92.0,93.0,93.0,81.0,86.0,85.0,86.0,57.692307692307686,98.0,True,inside; tight; volDry=0.62; 50SMA=+11.5%; 252H=0.94x; prior=2.5x; blind=1m/RS,TALO
2026-04-29,40.09999847412109,40.34999847412109,39.58000183105469,39.93000030517578,199200.0,0.0047606772096067,39.37673950122569,38.90672559221495,39.06319961547852,38.72966639200846,36.99859985351563,30.923199920654294,26.570899982452392,34.709999084472656,41.25,25.71999931335449,41.25,21.649999618530277,41.25,21.649999618530277,41.25,20.5,41.25,15.935721172433007,41.25,517155.0,534606.0,358982.5396825397,13729722.04334259,0.0379876756596098,1.387857164655413,0.0346099056724672,2.42198742791656,0.136900706749717,11.224493895596916,11.448710295903783,40.380001068115234,39.310001373291016,216900.0,True,True,False,0.0192019120290822,0.0882793279359328,0.1069825705428875,0.8251748624841942,0.5083182755150522,0.0838247564200938,0.9721211751302083,False,False,0.0552631177400286,0.9381082811345632,0.4775239268949938,1.4448259430015242,0.7217688663716022,1.6588451971155302,1.4667535382818242,1.9111769633333875,1.4406132411268178,82.0,49.0,49.0,95.0,95.0,94.0,94.0,60.0,89.0,92.0,89.0,42.30769230769231,98.0,True,inside; tight; volDry=0.51; 50SMA=+8.4%; 252H=0.97x; prior=2.6x; blind=1m/RS,TEN
2026-04-29,10.079999923706056,10.220000267028809,9.9399995803833,10.149999618530272,1308000.0,-0.0194552348696736,10.322954479215976,10.07367201761094,9.765600090026856,9.645000076293943,9.434900045394896,8.058050031661987,6.72610002040863,8.260000228881836,11.65999984741211,6.860000133514404,11.65999984741211,5.550000190734863,11.65999984741211,4.815000057220459,11.65999984741211,4.815000057220459,11.65999984741211,4.15500020980835,11.65999984741211,2274607.5,3969030.0,1985033.7301587304,18461600.072660446,0.0545144700943684,0.5619285447256905,0.0557468798590118,1.2265043458958182,-0.3559167996400112,5.3105140716527846,6.87585783054249,10.899999618530272,10.170000076293944,1653400.0,False,True,True,0.0277778461076179,0.1706349484173831,0.2986111360777835,0.5714286166907567,0.4366885611849747,0.0683737904172101,0.8644940013393971,True,True,0.1914893473113881,1.0592107359823346,0.3315719544420845,1.302103925175823,0.6284329290026454,1.5689203097239646,0.6524590297207915,1.2802825987448947,1.1458785135193217,65.0,82.0,82.0,91.0,91.0,93.0,93.0,74.0,85.0,92.0,93.0,53.84615384615385,100.0,True,tight; NR20; volDry=0.44; 50SMA=+6.8%; 252H=0.86x; prior=2.8x; blind=RS,VIR
2026-04-29,14.029999732971191,14.3100004196167,13.90999984741211,14.210000038146973,499900.0,-0.0243393865566275,14.69738086328402,14.954519430998298,15.402599983215332,14.937166627248128,14.86609998703003,14.070249996185304,22.724700016975405,11.699999809265137,19.700000762939453,11.460000038146973,19.700000762939453,10.289999961853027,19.700000762939453,6.5,21.709999084472656,6.5,49.95000076293945,2.619999885559082,65.80000305175781,1135160.0,1054434.0,1016524.9801587302,19088496.74131393,0.0864082963933399,1.0096427372523715,0.0719631330341127,-0.7815400585956224,-0.3466576528071829,3.284997600760517,3.864916070502184,14.65999984741211,13.970000267028809,439800.0,False,True,False,0.028510376323427,0.2266571892872259,0.4290805824904168,0.5282392131838969,0.9703499697468024,-0.056242071208205,0.2132218705512109,True,True,-0.0455782370739662,0.8484622881670133,0.0211062566727704,0.9985089130179896,-0.5012442178619374,0.4805282810560239,0.005014304773133,0.7786591393483132,1.1167064481019886,61.0,13.0,13.0,62.0,62.0,12.0,12.0,70.0,65.0,74.0,94.0,15.384615384615383,93.0,True,tight; NR20; volDry=0.97; 50SMA=-5.6%; 252H=0.21x; prior=25.1x; blind=1m/RS,VOR
2026-04-29,306.17999267578125,309.9700012207031,299.79998779296875,307.04998779296875,4536300.0,0.0037701009772368,308.6413527204123,298.2932785277065,287.7536004638672,283.6830012003581,272.3863607788086,226.6981401062012,189.90681221008305,231.6999969482422,330.2950134277344,172.30899372197027,330.2950134277344,151.46394462479773,330.2950134277344,147.78484097031065,330.2950134277344,133.76823456065358,330.2950134277344,80.41059958454585,330.2950134277344,8549242.5,7979544.0,7207589.682539683,1630666829.1029358,0.0444497451911021,14.432281494140623,0.0471365923292812,2.6320329944152423,0.0796820583738795,7.317420380992134,7.86062351129462,314.510009765625,293.8800048828125,8217600.0,True,True,True,0.0332158000882296,0.1228852338494948,0.2690574894252971,0.4567248215687135,0.7892255497306613,0.1240650662549687,0.9269894495175924,True,False,0.3072324783538489,1.162104116685255,0.5805783493238486,1.5455997446002236,0.5882175411429844,1.5301746311929538,2.5584267726153564,2.7569772042440097,1.186144450024737,68.0,90.0,90.0,96.0,96.0,92.0,92.0,84.0,93.0,94.0,93.0,65.38461538461539,91.0,True,inside; tight; NR7; volDry=0.79; 50SMA=+12.4%; 252H=0.93x; prior=4.1x; blind=RS,VRT
2026-04-29,54.63999938964844,55.209999084472656,54.20000076293945,55.040000915527344,1543900.0,-0.0101449522744752,55.29532613838387,55.78543200574482,55.15800003051758,54.93566665649414,59.3450659942627,69.5434087753296,74.62538623809814,50.40999984741211,59.220001220703125,50.40999984741211,93.58553823225913,50.40999984741211,93.58553823225913,50.40999984741211,93.58553823225913,50.40999984741211,93.58553823225913,50.40999984741211,108.04734396433592,2520507.5,3015032.0,1754646.0317460315,124503439.30704115,0.043576495346199,2.3871421813964844,0.0436885469996679,-1.8147364292681032,-0.2345907075226719,-8.334998836592233,-4.748281594051014,56.79999923706055,54.83000183105469,1612700.0,False,True,True,0.0184845961349799,0.129758422982909,0.129758422982909,1.0,0.8114772911199616,-0.0792831977820891,0.5057042346888593,True,True,0.0741104882430156,0.9548632250430824,-0.3154354486969014,0.6694149620036626,-0.239913384325059,0.7323085324810643,-0.2495621085015288,0.5814199061181198,1.4364763344843214,82.0,56.0,56.0,13.0,13.0,27.0,27.0,36.0,30.0,25.0,22.0,7.6923076923076925,93.0,True,tight; NR20; volDry=0.81; 50SMA=-7.9%; 252H=0.51x; prior=2.1x; blind=1m/RS/VARS,WHR
2026-04-29,110.74483489990234,111.80844620634876,109.82038712261016,111.42076770788366,930000.0,0.0096058832174492,112.18314696859704,112.97380170479128,115.05573669433592,114.18781611124676,109.90317260742188,95.33519371032716,85.66898509979248,104.85023378241613,123.4882938158099,83.59839846170861,123.4882938158099,71.00721304955394,123.4882938158099,55.22866158482116,123.4882938158099,55.22866158482116,123.4882938158099,55.22866158482116,123.4882938158099,1171270.0,1226642.0,1329511.507936508,118112664.3945694,0.0370155025667924,4.211135291124068,0.0380255683701216,0.2013965037750701,0.2502129110272823,8.97590875032484,11.484559479669484,112.18617066373606,108.48837968767586,692800.0,True,True,True,0.0179517093102852,0.0905664185754859,0.1354457220663323,0.668654699416291,0.8035514844591983,0.0076582165238023,0.8968043162462414,True,True,-0.0395689305806203,0.8538044441568451,0.3674364373269043,1.3371747178452975,0.4166967351616735,1.364922215050081,0.229617371725203,0.9526757975961468,0.8809777072316513,35.0,15.0,15.0,92.0,92.0,88.0,88.0,25.0,76.0,85.0,92.0,11.538461538461538,97.0,True,inside; tight; NR20; volDry=0.80; 50SMA=+0.8%; 252H=0.90x; prior=2.2x; blind=1m/RS,WLK
2026-04-29,17.809999465942383,17.899999618530273,17.434999465942383,17.899999618530273,6005800.0,0.0022509289335013,17.54194602559725,17.19756186268957,16.537200088500978,16.621333376566568,17.01380001068115,18.256299991607666,18.38040001869201,14.364999771118164,18.770000457763672,14.364999771118164,19.38999938964844,14.364999771118164,24.899999618530277,14.364999771118164,24.899999618530277,14.364999771118164,24.899999618530277,12.100000381469728,24.899999618530277,6692327.5,7484898.0,7859644.444444444,108151103.39941978,0.0511726327134445,0.915785448891776,0.0514197347755686,0.910103365448041,0.0436772698530154,-1.8446697812670385,-1.3873149760390486,18.420000076293945,17.690000534057617,5721800.0,False,True,True,0.0261089369192345,0.1199326077269147,0.2394722330833646,0.5008205176136812,0.8484043469931053,0.0467972736696906,0.7152610336864584,True,True,0.202565763762708,1.0690574536621222,-0.1230920761072507,0.8575017263689249,-0.0561738911578171,0.9093330923473584,0.3291044755936942,1.0297558374588458,0.8514796753599259,32.0,83.0,83.0,31.0,31.0,42.0,42.0,76.0,67.0,61.0,54.0,76.92307692307693,95.0,True,tight; NR20; volDry=0.85; 50SMA=+4.7%; 252H=0.72x; prior=2.1x; blind=VARS,ZETA
