date,close,high,low,open,volume,price_chg_pct0,ema10,ema20,sma25,sma30,sma50,sma100,sma200,min30,max30,min60,max60,min90,max90,min120,max120,min150,max150,min252,max252,vol_sma40,vol_sma50,vol_sma252,avg_dollar_vol,adr_pct,atr14,atr_pct,atr_multi_50sma,vars_norm_change,vars,vars_20ema,previous_session_high,previous_session_low,previous_session_volume,inside_day,tight_day,close_to_ma,perf_1mo,rela_perf_1mo,perf_3mo,rela_perf_3mo,perf_6mo,rela_perf_6mo,vol_ratio,vol_ratio_rank,perf_1mo_rank,rela_perf_1mo_rank,perf_3mo_rank,rela_perf_3mo_rank,perf_6mo_rank,rela_perf_6mo_rank,c0_c30_rank,c0_c60_rank,c0_c90_rank,c0_c120_rank,rs_sts_pct,ticker
2026-03-23,95.76000213623048,96.08999633789062,84.91999816894531,90.0,10729800.0,0.0938999444223802,95.49866089256948,89.35711178113473,84.23720001220703,77.97266680399576,62.28880020141602,46.14615007400513,35.94860008716583,41.119998931884766,128.9600067138672,31.670000076293945,128.9600067138672,18.5,128.9600067138672,18.5,128.9600067138672,18.5,128.9600067138672,9.711000442504885,128.9600067138672,9412837.5,8317998.0,5570255.952380952,1272992155.065403,0.1368310285674383,14.059785570417132,0.1468231543104536,3.659879546695781,0.5846462721308239,15.93477507333683,13.107037019327194,102.69000244140624,84.5999984741211,12205200.0,True,False,True,0.8529412068645064,1.945436159240128,2.273846226879674,3.3702357843348474,2.303208102527589,3.345049004490241,1.6898393144711013,87.0,99.0,99.0,99.0,99.0,99.0,99.0,99.0,99.0,99.0,99.0,69.23076923076923,AAOI
2026-03-23,23.18000030517578,23.40999984741211,22.739999771118164,22.959999084472656,3504400.0,0.0197976582491026,23.20956969538575,22.31127197826799,21.956000061035155,20.80800005594889,17.873999977111815,17.045999975204467,19.871200013160703,12.90999984741211,25.75,11.43000030517578,25.75,11.43000030517578,25.75,11.43000030517578,27.5,11.43000030517578,27.5,11.43000030517578,31.040000915527344,3822777.5,3937808.0,2898067.4603174604,90966967.11008072,0.0583503065651527,1.2664285387311662,0.0546345350327018,5.433482443139034,0.3553305608465745,2.555601435834666,-2.779691054367215,23.530000686645508,22.559999465942383,3754900.0,True,True,True,0.380583623657756,1.4494994727131465,0.6063755935515491,1.6536709830838798,0.0469738457180624,1.060235598740111,1.3190781623769534,72.0,97.0,97.0,96.0,96.0,67.0,67.0,98.0,97.0,96.0,94.0,69.23076923076923,ACHC
2026-03-23,4.525000095367432,5.590000152587891,4.429999828338623,5.510000228881836,725800.0,-0.1919642549236204,4.659797247783951,3.8460229982074416,2.964000034332275,2.804333364963532,2.703000018596649,3.352100006341934,5.009640011191368,1.3259999752044678,7.539000034332275,1.3259999752044678,7.539000034332275,1.3259999752044678,7.539000034332275,1.3259999752044678,8.34000015258789,1.3259999752044678,8.34000015258789,1.3259999752044678,21.0,4704692.5,3772324.0,987848.7103174604,47691845.05987167,0.2577093659241769,1.2334999867847989,0.2725966764172273,2.472758968964772,-0.8715037055389004,-1.8728138118043045,-7.223007956569881,6.619999885559082,5.380000114440918,1006500.0,False,False,True,1.7259037267194488,2.861975143583287,0.3115942124132598,1.3502105605658656,0.1036585855171992,1.11763834980802,4.762563792271465,99.0,99.0,99.0,91.0,91.0,74.0,74.0,99.0,99.0,99.0,98.0,73.07692307692307,ACXP
2026-03-23,37.150001525878906,37.79999923706055,33.689998626708984,36.2599983215332,1757700.0,0.0761877471969656,37.26998163038669,36.88819423088584,37.479199981689455,36.06599992116292,32.42959991455078,27.70759994506836,24.36354998111725,25.57999992370605,46.95000076293945,19.899999618530277,46.95000076293945,18.700000762939453,46.95000076293945,18.700000762939453,46.95000076293945,16.3799991607666,46.95000076293945,6.269999980926514,46.95000076293945,1590900.0,1602086.0,1319467.857142857,73138806.93073273,0.1233426391032028,4.578571864536831,0.1232455363789789,1.1810442236867589,0.5744151551897255,8.915956124263264,4.835864484253859,37.810001373291016,33.400001525878906,1758700.0,True,True,True,0.1056548575289979,1.160846837183913,0.7303215050766836,1.781266147118859,0.2404006871294919,1.2561125290521606,1.2057133422294162,63.0,88.0,88.0,97.0,97.0,83.0,83.0,94.0,96.0,95.0,94.0,57.692307692307686,AEHR
2026-03-23,13.075180053710938,13.778999510287717,12.96613794888476,13.650131997935206,2279000.0,-0.0652020340347154,12.288468497187935,11.19086549511054,10.272591590881348,10.014392280578614,9.446644611358645,8.638243594169616,8.61132994413376,8.37644222181836,14.740556554580712,7.464451534363387,14.740556554580712,6.830022510390342,14.740556554580712,6.830022510390342,14.740556554580712,6.830022510390342,14.740556554580712,6.830022510390342,14.740556554580712,1197802.5,1095124.0,810995.2380952381,23383675.247368813,0.0606518459711309,0.8702154313795127,0.066554757013272,5.771313819711776,-1.0480072407051466,15.365851904558902,10.143982128675438,14.740556554580712,13.590654504434172,3166600.0,False,False,False,0.4336955343047308,1.5052626189350389,0.7129869303147318,1.7634212026345115,0.6696200960088303,1.690768751674371,1.4769538016194097,81.0,98.0,98.0,97.0,97.0,94.0,94.0,96.0,95.0,95.0,93.0,88.46153846153845,AGRO
2026-03-23,1.8799999952316284,2.4100000858306885,1.850000023841858,1.909999966621399,20090300.0,0.2287581897952171,1.9059612279321376,1.6717375591464676,1.3832000041007997,1.2833333353201548,1.1523999977111816,1.322900000810623,2.073700001835823,0.6200000047683716,2.8299999237060547,0.6200000047683716,2.8299999237060547,0.6200000047683716,2.8299999237060547,0.6200000047683716,3.109999895095825,0.6200000047683716,3.630000114440918,0.6200000047683716,5.300000190734863,12503912.5,10017004.0,2892349.206349206,44884787.09360272,0.2492559816051203,0.5807142811162131,0.3088905758452756,2.0440183101305944,0.6027060728885631,-2.529943855429738,-10.655364397895552,2.299999952316284,1.5299999713897705,1849600.0,False,True,True,1.6857143246397688,2.819779570548159,0.4573643804850136,1.5002725374205856,-0.3494809941212911,0.6587589656708231,4.323099186139679,98.0,99.0,99.0,94.0,94.0,21.0,21.0,99.0,99.0,98.0,98.0,80.76923076923077,AIFF
2026-03-23,2.7799999713897705,3.200000047683716,2.549999952316284,2.740000009536743,3800300.0,0.0490565552241286,2.5070417160612064,2.3241861377196207,2.074400005340576,2.073333338896433,2.281900005340576,3.342699991464615,4.964799991250038,1.5099999904632568,3.259999990463257,1.5099999904632568,3.2850000858306885,1.5099999904632568,6.420000076293945,1.5099999904632568,12.0,1.5099999904632568,12.0,1.5099999904632568,12.0,3159142.5,3030220.0,1240901.1904761903,14649854.814255834,0.1656188621564598,0.4540714280945914,0.1633350477581455,1.3364124686001158,0.2862982957722182,-3.318879194111738,-5.181676425601154,3.130000114440918,2.609999895095825,4806100.0,False,True,False,0.4787233927876984,1.5525381740046702,0.287036972649306,1.3249302992214438,-0.5755725358111976,0.4298035795797135,2.5458453293833108,95.0,98.0,98.0,90.0,90.0,10.0,10.0,98.0,96.0,94.0,92.0,100.0,AIRS
2026-03-23,2.2300000190734863,2.319999933242798,1.825000047683716,1.8799999952316284,7071600.0,0.2320442483821125,2.87545129679162,3.674600134987838,4.359600019454956,4.529333360989889,4.704800009727478,4.825450005531311,4.859925007820129,1.0700000524520874,5.739999771118164,1.0700000524520874,5.929999828338623,1.0700000524520874,5.929999828338623,1.0700000524520874,5.929999828338623,1.0700000524520874,6.175000190734863,1.0700000524520874,6.809000015258789,3420377.5,2921908.0,1580006.349206349,13155052.46232748,0.1466051385807159,0.6767857074737549,0.3034913460471376,-1.7332157488289308,0.6205805939101227,-1.3315035709188647,-2.4170818259433458,2.0299999713897705,1.7899999618530271,10645100.0,False,False,False,-0.5494949282827253,0.4729933433359825,-0.5548902360886334,0.4582148183913643,-0.5476673231802157,0.4580622604844764,2.164787186911043,93.0,0.0,0.0,4.0,4.0,11.0,11.0,98.0,97.0,96.0,95.0,15.384615384615383,ALDX
2026-03-23,2.440000057220459,2.5999999046325684,2.130000114440918,2.140000104904175,11688900.0,0.178744027009716,2.3257227167283903,2.311027618518844,2.38560001373291,2.269666679700216,2.0262000131607056,1.68350000500679,1.4565000009536744,1.559999942779541,2.799999952316284,1.2999999523162842,2.799999952316284,1.149999976158142,2.799999952316284,1.0399999618530271,2.799999952316284,1.0299999713897705,2.799999952316284,0.8600000143051147,2.799999952316284,6268345.0,6284146.0,3888103.1746031744,14731385.618265867,0.0948884645043506,0.227857163974217,0.0933840814060397,2.186932444341652,1.6238248450223325,13.178160356977068,9.1686138666607,2.259999990463257,2.059999942779541,20747400.0,False,False,False,0.1902439580369335,1.2496584487968918,0.7183099513819169,1.7689009456762286,1.1034483857160549,2.13009223465276,1.6121858702064296,86.0,93.0,93.0,97.0,97.0,97.0,97.0,96.0,96.0,96.0,96.0,76.92307692307693,ALLO
2026-03-23,16.93000030517578,17.520000457763672,15.81999969482422,16.329999923706055,8763600.0,0.0450616980158631,18.055669949062768,17.860888715336305,17.981000061035157,17.31016674041748,14.728100051879885,11.07095004081726,8.27684627175331,12.300000190734863,22.549999237060547,8.279999732971191,22.549999237060547,5.434999942779541,22.549999237060547,5.434999942779541,22.549999237060547,3.9700000286102295,22.549999237060547,2.9542500972747803,22.549999237060547,5689772.5,5548726.0,2130457.119047619,121512273.64260674,0.1001309988117857,1.975285598209926,0.1166736894627254,1.2813801271601457,0.3695665795862024,17.538560473685372,14.696515256575838,18.100000381469727,15.90999984741211,8276000.0,False,False,True,0.1485753438306523,1.205909824457375,1.027544854099257,2.087240434668236,2.3392504402279,3.3815478813704694,2.670681540186787,96.0,91.0,91.0,98.0,98.0,99.0,99.0,92.0,97.0,98.0,98.0,38.46153846153847,ALM
2026-03-23,23.36000061035156,25.559999465942383,22.959999084472656,24.809999465942383,2100000.0,-0.0678371465211399,25.50369003569999,26.129083282895262,27.20339988708496,27.058833249409997,26.282900009155277,17.454450006484986,10.737875003814697,22.959999084472656,30.600000381469727,7.849999904632568,30.600000381469727,4.599999904632568,30.600000381469727,3.759999990463257,30.600000381469727,3.759999990463257,30.600000381469727,2.759999990463257,30.600000381469727,1438577.5,1787448.0,1416448.4126984128,38078695.29700279,0.0605844709992087,1.732642991202218,0.0741713589867985,-1.4993545736667266,-0.9811593410892182,18.854335108788945,18.28266394651523,25.26000022888184,24.0,4030000.0,False,False,False,-0.1648194070852855,0.8768710625747906,1.1121157074206636,2.174301248287205,4.601918509102902,5.672876594657,1.0156229391082658,44.0,17.0,17.0,98.0,98.0,99.0,99.0,16.0,99.0,99.0,99.0,0.0,ALMS
2026-03-23,4.130000114440918,4.269999980926514,4.03000020980835,4.190000057220459,1005800.0,-0.0072114745364363,4.263213593078941,3.914959797917852,3.4915999794006347,3.363333320617676,3.081599988937378,2.6610999941825866,1.8901999908685685,2.25,4.889999866485596,2.25,4.889999866485596,1.5,4.889999866485596,0.9900000095367432,4.889999866485596,0.9200000166893004,4.889999866485596,0.7599999904632568,4.889999866485596,1834140.0,1640040.0,955692.4603174604,11840304.218199251,0.0904357757025464,0.4221428632736206,0.1022137655148144,3.3284452114876397,-0.0710653562600831,22.26987294773682,16.71297046505833,4.550000190734863,4.059999942779541,1886500.0,False,True,True,0.7066115637342101,1.7918020461556112,0.3952702909512096,1.436350255175223,3.489130477739642,4.5459931586203695,1.9191738725141123,91.0,99.0,99.0,93.0,93.0,99.0,99.0,98.0,96.0,98.0,99.0,57.692307692307686,ALTO
2026-03-23,18.68000030517578,19.38999938964844,17.760000228881836,17.90999984741211,7180200.0,0.0263736001162016,17.985512751906022,16.380542616518504,14.574400177001952,13.989000129699708,12.988600025177002,11.861700005531311,9.958950015306472,9.229999542236328,19.76000022888184,7.710000038146973,19.76000022888184,7.710000038146973,19.76000022888184,7.710000038146973,19.76000022888184,6.36299991607666,19.76000022888184,1.9700000286102293,19.76000022888184,9474662.5,9359564.0,7312009.126984127,169519917.21523762,0.092925932985282,1.5850715637207031,0.0848539367144184,5.163982857587532,0.3028251551681399,11.2609863762179,6.472430942854754,19.75,17.739999771118164,9416100.0,True,False,True,0.9621848116553422,2.060132976461577,1.0415301731101354,2.1016375136143424,0.5870857755875589,1.6071889898815257,1.2957673240634848,70.0,99.0,99.0,98.0,98.0,93.0,93.0,98.0,98.0,97.0,96.0,88.46153846153845,AMPX
2026-03-23,5.454999923706055,6.099999904632568,5.019999980926514,6.090000152587891,7951400.0,-0.2284300153808643,4.420237180139361,3.8862872121380505,3.464600009918213,3.3208333412806192,3.0545199966430663,3.0650799965858457,4.073195005655289,2.309999942779541,7.840000152587891,2.309999942779541,7.840000152587891,2.309999942779541,7.840000152587891,2.309999942779541,7.840000152587891,2.309999942779541,7.840000152587891,2.309999942779541,18.299999237060547,3428537.5,2748062.0,556892.8571428572,45482807.28628397,0.2873727148321423,1.1497142655508858,0.2107633880166556,3.728721396705615,-1.4046970593876162,4.886078012796803,-2.4619265922891502,7.840000152587891,3.849999904632568,115438600.0,True,False,False,1.090038368950117,2.1943687161209207,0.7653721926307979,1.8173488074742925,0.277517552241866,1.293699544111533,6.156547809914705,99.0,99.0,99.0,97.0,97.0,85.0,85.0,99.0,98.0,97.0,96.0,96.15384615384616,ANNA
2026-03-23,5.369999885559082,5.480000019073486,5.110000133514404,5.110000133514404,2008000.0,0.0508805763701345,5.460654823980152,5.488427916021138,5.386799983978271,5.3743333180745445,5.728599987030029,4.973700008392334,3.789475004673004,4.78000020980835,6.289999961853027,4.545000076293945,7.179999828338623,2.539999961853028,7.179999828338623,2.539999961853028,7.179999828338623,2.0299999713897705,7.179999828338623,1.284999966621399,7.179999828338623,2629420.0,2619068.0,2162429.761904762,17483197.73431778,0.0703427318040188,0.406428473336356,0.0756850059586252,-0.8270886497546008,0.6397183492346133,9.472061706294152,8.221637045782598,5.619999885559082,5.059999942779541,10013200.0,True,False,True,0.0959183226620747,1.1506242748459163,0.114107820396224,1.1469097152694885,0.87762240647885,1.9014057748268045,1.2159562573185696,64.0,88.0,88.0,79.0,79.0,96.0,96.0,69.0,69.0,96.0,95.0,69.23076923076923,ANNX
2026-03-23,64.76518249511719,65.65094989667885,61.20230357519473,61.7565301917231,1458100.0,0.0715572858373874,71.19966426946802,73.5670959547929,76.63290084838867,75.7272792816162,70.59401710510254,55.74226921081543,44.89775825235885,58.688494643867145,88.56688310745338,47.764641197507736,88.56688310745338,33.299734526610784,88.56688310745338,28.5861181956668,88.56688310745338,26.150748473305395,88.56688310745338,21.588268387993367,88.56688310745338,1078205.0,1023322.0,621163.0057803468,74759622.3330307,0.0644806164705256,5.477088774122109,0.0845684141249048,-0.9763502690162706,0.7896420719374634,20.87370038070629,17.33075943990794,65.56682664721276,58.688494643867145,2889000.0,False,False,False,-0.1158050448961447,0.9283321192837634,0.3350626911881307,1.3743700052953018,1.0632598545250116,2.0893946454970367,1.7357843109885245,88.0,28.0,28.0,92.0,92.0,97.0,97.0,64.0,85.0,95.0,96.0,11.538461538461538,AUGO
2026-03-23,64.44000244140625,65.23999786376953,53.22999954223633,55.290000915527344,13973600.0,0.1880531055917875,51.27503808205786,45.06105121199524,40.88840019226074,38.338666852315264,31.07980010986328,21.8003000497818,12.46270002067089,22.59000015258789,65.23999786376953,14.050000190734863,65.23999786376953,8.4399995803833,65.23999786376953,4.0,65.23999786376953,2.059999942779541,65.23999786376953,1.1299999952316284,65.23999786376953,8807447.5,8581612.0,3142254.761904762,485895840.741024,0.1701292907962495,7.570714133126395,0.1174846965595673,9.136274920737426,1.347297042733176,24.93428478463179,20.826219354648348,60.7400016784668,52.70000076293945,10855100.0,False,False,False,1.1711590895829205,2.27953881358436,3.5995718335937044,4.734993799928983,13.847926307786288,15.0360012366766,2.802906882910133,96.0,99.0,99.0,99.0,99.0,99.0,99.0,99.0,99.0,99.0,99.0,100.0,AXTI
2026-03-23,11.079999923706056,11.529999732971191,10.050000190734863,11.1899995803833,4200000.0,-0.1309803981407016,13.993474068086774,13.27294157611536,12.435200004577636,10.820333337783811,7.415799996852875,4.280050002336502,2.791529997587204,2.325000047683716,29.700000762939453,1.0800000429153442,29.700000762939453,1.059999942779541,29.700000762939453,1.0,29.700000762939453,1.0,29.700000762939453,1.0,29.700000762939453,20501465.0,16733184.0,3676103.1746031744,373194658.1394672,0.3080488435295154,5.582142557416644,0.5038034833803068,0.980753772482364,-0.2991682958858012,20.60381146389483,16.153298058707996,12.989999771118164,10.75,4827400.0,False,True,True,1.4954954461514998,2.6200653632056685,8.470085752237646,9.748906842619384,9.65384647126735,10.788796051158592,5.576955821489716,99.0,99.0,99.0,99.0,99.0,99.0,99.0,99.0,99.0,99.0,99.0,42.30769230769231,BATL
2026-03-23,9.800000190734863,10.039999961853027,9.630000114440918,9.829999923706056,9242100.0,0.0103093178800075,9.209508976346054,8.729936086496242,8.433599987030028,8.136333354314168,7.575400018692017,7.455800004005432,7.929000008106231,6.260000228881836,10.31999969482422,6.230000019073486,10.31999969482422,6.230000019073486,10.31999969482422,6.0,10.31999969482422,6.0,10.31999969482422,6.0,11.3100004196167,5415532.5,5521298.0,4438323.412698412,62415717.6585269,0.0550049308903772,0.4785713468279157,0.0488338099503679,6.013478839489714,0.2089560566727464,11.331921288093866,5.53972580709423,10.31999969482422,9.640000343322754,13148800.0,False,True,False,0.315436300890527,1.3811001317521232,0.3443073034315662,1.383886800170797,0.2727273290244592,1.2888486443476304,1.2201752771115577,64.0,96.0,96.0,92.0,92.0,85.0,85.0,96.0,93.0,89.0,88.0,96.15384615384616,BCRX
2026-03-23,4.190000057220459,4.340000152587891,4.045000076293945,4.090000152587891,4856300.0,0.0554156239357117,3.953162020944181,3.837285136214008,3.662800016403198,3.589333343505859,3.8226000118255614,3.418300001621246,2.6599499982595445,2.819999933242798,4.960000038146973,2.819999933242798,5.03000020980835,1.899999976158142,5.03000020980835,1.8650000095367432,5.03000020980835,1.340000033378601,5.03000020980835,1.3200000524520874,5.03000020980835,6299855.0,6461372.0,4970578.571428572,33887744.625006914,0.0886425474784402,0.2771428823471069,0.0661438850984065,1.4530837575961155,0.7938144640304743,12.822244033871025,8.449331682554407,4.010000228881836,3.849999904632568,5259900.0,False,False,False,0.4060402786585131,1.4762268707268034,0.2144927534228786,1.2502502114469598,1.2648648666064175,2.293553337299445,1.26742891385165,68.0,97.0,97.0,87.0,87.0,98.0,98.0,95.0,91.0,96.0,96.0,96.15384615384616,BFLY
2026-03-23,4.730000019073486,5.380000114440918,2.7799999713897705,2.7799999713897705,64635000.0,0.7326007274823261,2.600459447866776,2.0190133858958723,1.5560799932479858,1.4648333251476289,1.3632199931144715,1.4931099963188172,4.261304990053177,0.8199999928474426,5.380000114440918,0.6930000185966492,5.380000114440918,0.6930000185966492,5.380000114440918,0.6930000185966492,5.380000114440918,0.6930000185966492,13.5,0.6930000185966492,46.52999877929688,12332700.0,9880038.0,2829939.365079365,63671792.62964249,0.2231950620168512,0.6615000069141388,0.1398520093544764,17.65956837242378,3.023431563258616,4.59251654523289,-5.616864651644431,3.5899999141693115,2.609999895095825,14560900.0,False,False,False,3.379629473259426,4.59825142308237,2.877049105041165,3.991198341617581,-0.0502008030205815,0.9618300632922654,4.357937895130178,98.0,99.0,99.0,99.0,99.0,48.0,48.0,99.0,99.0,99.0,99.0,100.0,BIAF
2026-03-23,27.739999771118164,28.479999542236328,25.020000457763672,26.100000381469727,1847300.0,0.0632426067029596,25.32917174143865,24.289233512180203,22.99199981689453,22.848333168029782,23.78139991760254,21.09719994544983,20.520149936676024,17.520000457763672,28.8799991607666,17.520000457763672,29.790000915527344,12.40999984741211,29.790000915527344,12.40999984741211,33.198001861572266,12.40999984741211,33.198001861572266,6.150000095367432,33.198001861572266,1425595.0,1458862.0,1640480.9523809524,33703539.1812706,0.1043356487175182,2.350928170340402,0.0847486730258772,1.964134758112988,0.7018502901734178,7.840622475662048,3.072194895734464,28.8799991607666,25.57999992370605,2300700.0,False,False,False,0.3953722807928161,1.465026348703904,0.5878649605849173,1.6346153545382809,0.3215817090807151,1.3383218504853602,0.8690103947448629,29.0,97.0,97.0,96.0,96.0,87.0,87.0,96.0,93.0,97.0,96.0,100.0,BKSY
2026-03-23,14.079999923706056,16.190000534057617,13.899999618530272,15.229999542236328,10062700.0,-0.0724637917889019,13.752500257846364,12.640525733227404,11.555600051879884,11.237000052134196,10.423000030517578,8.060200014114379,5.006140007674694,7.949999809265137,16.239999771118164,4.860000133514404,16.239999771118164,4.570000171661377,16.239999771118164,2.700000047683716,16.239999771118164,1.399999976158142,16.239999771118164,0.2240000069141388,16.239999771118164,4571690.0,4286882.0,3117843.253968254,81045432.21634865,0.1300162369730926,2.05649995803833,0.1460582364475631,2.4021833700205466,-0.5348895715607033,20.780902740140117,16.02996296541163,16.239999771118164,14.579999923706056,5350300.0,False,False,True,0.6146788408876476,1.6952802339251265,1.9272349461962124,3.013419470904356,3.305810399337269,4.360351011129358,1.4662988571286748,80.0,98.0,98.0,99.0,99.0,99.0,99.0,98.0,99.0,98.0,99.0,84.61538461538461,BW
2026-03-23,30.100000381469727,30.31999969482422,28.149999618530277,29.670000076293945,1323900.0,0.0343642607179064,30.31668819871445,29.43558291411062,28.90520004272461,28.09233341217041,26.368000144958497,21.546300015449525,14.765499999523165,22.049999237060547,36.4900016784668,21.059999465942383,36.4900016784668,4.300000190734863,40.369998931884766,4.300000190734863,40.369998931884766,4.300000190734863,40.369998931884766,4.300000190734863,40.369998931884766,1399605.0,1405202.0,2175961.111111111,50274433.35392952,0.0691715934666263,2.5842855998447964,0.085856663358574,1.6485057400284098,0.3869541354330406,11.38589969084137,6.758001388073812,32.45000076293945,29.09000015258789,5760600.0,False,False,True,0.0557699102007425,1.1084717375452149,0.1492936146498937,1.1831314601762382,3.526315781925807,4.583649479653979,0.6432123225241464,16.0,84.0,84.0,83.0,83.0,99.0,99.0,92.0,89.0,99.0,99.0,73.07692307692307,CAPR
2026-03-23,407.8999938964844,415.5700073242188,393.9599914550781,399.3999938964844,3544000.0,0.0625439014610342,373.4923247547816,352.5947167033612,344.5928002929688,336.5776672363281,300.6325994873047,255.42079940795895,182.3243494796753,266.6099853515625,419.7999877929688,216.07000732421875,419.7999877929688,168.22000122070312,419.7999877929688,143.19000244140625,419.7999877929688,84.41000366210938,419.7999877929688,49.209999084472656,419.7999877929688,3867965.0,3530688.0,2709404.365079365,1189408914.016571,0.0743945837624633,31.171430315290177,0.0764192958610359,4.669051106565548,0.7702559364518324,16.563027198049987,13.835856791539,419.7999877929688,380.1099853515625,5809600.0,True,False,False,0.2177936379484681,1.2785833511504234,0.9358358924566432,1.992831350413012,1.9478933893943415,2.98523360971156,1.427607133823562,78.0,94.0,94.0,98.0,98.0,99.0,99.0,96.0,96.0,97.0,98.0,96.15384615384616,CIEN
2026-03-23,2.549999952316284,2.5899999141693115,2.4800000190734863,2.509999990463257,6990600.0,0.0240963624697752,2.52401064390192,2.478474893812049,2.3575999784469603,2.2859999736150107,2.4927999925613404,2.991099998950958,3.5520000052452088,1.659999966621399,2.759999990463257,1.659999966621399,3.539999961853028,1.659999966621399,3.869999885559082,1.659999966621399,3.9600000381469727,1.659999966621399,4.559999942779541,1.659999966621399,4.769999980926514,8447055.0,7894594.0,5601411.904761905,22335067.054350376,0.0775178565853405,0.161428587777274,0.0633053297238852,0.3624666161291817,0.3716810238241323,-3.8136918138727776,-7.600192865933946,2.5999999046325684,2.470000028610229,9635400.0,True,False,True,0.4406779546864607,1.5125935871488758,-0.2565597951351906,0.7653287932025706,-0.3640898237486295,0.6439650896918004,1.5080224671245728,82.0,98.0,98.0,18.0,18.0,20.0,20.0,96.0,92.0,88.0,85.0,80.76923076923077,CLVT
2026-03-23,35.40999984741211,35.65999984741211,33.790000915527344,34.0,2842600.0,0.0608148206812353,35.21052930631792,35.97692408535761,36.87320007324219,36.93333346048991,37.170800018310544,35.352199974060056,23.56477497339249,32.70000076293945,40.45000076293945,32.70000076293945,41.34999847412109,28.8700008392334,43.72999954223633,13.720000267028809,43.72999954223633,11.529999732971191,43.72999954223633,3.7200000286102295,43.72999954223633,1868682.5,2017078.0,2420965.476190476,76861856.99914932,0.0501315381587519,1.9707142966134208,0.0556541741063421,-0.8511584616438526,1.0300827384189235,9.607214080056153,7.740018943184922,35.0,32.70000076293945,5409500.0,False,False,True,-0.05168720667619,0.995650585980548,-0.0656992500848996,0.9618087113688022,1.9582288268571253,2.9956999635478203,0.7718749062628005,22.0,50.0,50.0,42.0,42.0,99.0,99.0,57.0,45.0,66.0,97.0,34.61538461538461,COGT
2026-03-23,255.0500030517578,267.6700134277344,250.1499938964844,254.19000244140625,9205200.0,0.0055986994504115,255.13603366244652,251.54074437508865,253.29719970703124,248.6759999593099,230.79439971923827,198.23639984130855,149.1645999145508,204.57000732421875,300.20001220703125,167.5,300.20001220703125,130.4199981689453,300.20001220703125,105.0199966430664,300.20001220703125,84.3499984741211,300.20001220703125,45.58000183105469,300.20001220703125,8254457.5,7532294.0,4630141.26984127,2703600423.0700684,0.0881350275937309,23.402858189174108,0.0917579216198829,1.1453632583044615,0.0606762711403424,12.527909632872564,11.550530570861785,281.1600036621094,241.00999450683597,51484800.0,True,True,True,0.0276815641015488,1.0789812799137557,0.4515394303472475,1.494276087362827,1.337549277105957,2.3671584228517,1.7827657989111376,89.0,80.0,80.0,94.0,94.0,98.0,98.0,86.0,92.0,95.0,96.0,76.92307692307693,COHR
2026-03-23,126.63999938964844,127.4800033569336,121.31999969482422,124.1500015258789,15857900.0,0.0048401223221448,121.5846890821147,109.9367846651664,99.160399017334,92.44633255004882,83.46399955749511,85.85209987640381,120.49844984054566,55.310001373291016,136.64999389648438,49.900001525878906,136.64999389648438,49.900001525878906,136.64999389648438,49.900001525878906,159.47000122070312,49.900001525878906,159.47000122070312,49.900001525878906,298.989990234375,17615995.0,16082424.0,17235307.5,2474791601.5244865,0.0853610143298353,8.820784977504186,0.0696524401454253,7.426888015464683,0.0691549121656699,2.038011647186048,-2.6428296233281467,132.3800048828125,122.91000366210938,22700800.0,False,False,False,1.0095207627699594,2.109831839323087,0.5636498670201868,1.6096873129635685,-0.1214097410441419,0.889719139652834,1.0220876534984944,44.0,99.0,99.0,96.0,96.0,39.0,39.0,99.0,98.0,97.0,97.0,84.61538461538461,CRCL
2026-03-23,13.75,13.989999771118164,13.390000343322754,13.5,1168800.0,0.0315078828730537,14.8652241252345,15.781843350286929,16.4746000289917,16.967166678110758,17.103500022888184,12.574250011444091,8.958349997997283,12.949999809265137,21.56999969482422,6.389999866485596,26.950000762939453,6.389999866485596,26.950000762939453,6.389999866485596,26.950000762939453,5.03000020980835,26.950000762939453,2.539999961853028,26.950000762939453,1705887.5,3916014.0,1589528.5714285714,20561886.51693821,0.0662216060676876,1.1067142486572266,0.0804883089932528,-2.4360181391849194,0.3795018242545718,8.161171130351025,7.85427499724799,14.399999618530272,12.949999809265137,4927000.0,True,False,False,-0.1701870698105727,0.8712354573447415,0.7997382513469871,1.852726681945276,1.3424191257357063,2.372089956622914,1.073203420600897,50.0,16.0,16.0,98.0,98.0,98.0,98.0,47.0,97.0,96.0,95.0,3.8461538461538463,CRVS
2026-03-23,32.35327911376953,33.240625738958705,31.21667574598383,32.014292377967564,1614400.0,-0.0405084846238676,30.354682004663395,28.294489995281715,26.20884712219238,25.807181231180827,24.772541007995606,28.47297843933105,29.4366972732544,19.561520664058147,34.39716791090539,19.561520664058147,34.39716791090539,19.561520664058147,37.55771806481603,19.561520664058147,41.54579636025214,19.561520664058147,41.54579636025214,15.054993369805905,41.54579636025214,1446860.0,1432170.0,1340685.7142857143,45413275.39074898,0.0581336461481287,1.9463243676508684,0.060158488442753,5.086792492514598,-0.7017912398445082,-2.865791526546832,-6.471163694637443,33.86874692158232,31.864735993777572,2776400.0,False,True,False,0.5661198683355635,1.644297298952122,0.1470484076203118,1.180820149091371,-0.0528312481489307,0.9591662989804688,1.0791940158554258,51.0,98.0,98.0,82.0,82.0,48.0,48.0,97.0,94.0,91.0,88.0,92.3076923076923,CVI
2026-03-23,79.31999969482422,80.31999969482422,75.5,77.76000213623047,1146600.0,0.0200616964472395,77.0387603601486,71.37256639062143,65.75959991455078,63.07733319600423,57.16859985351562,48.62679988861084,37.360799894332885,45.63999938964844,88.0199966430664,35.84000015258789,88.0199966430664,34.290000915527344,88.0199966430664,32.220001220703125,88.0199966430664,20.309999465942383,88.0199966430664,13.369999885559082,88.0199966430664,1099845.0,1085074.0,638561.1111111111,109636968.00981522,0.0707091871159009,6.337142126900809,0.0798933705406244,4.849901038514185,0.2461673617783714,16.979657381703802,11.109180097393947,82.48999786376953,75.80000305175781,2415800.0,False,False,True,0.6004842109946253,1.6803770377748044,0.8998802322113586,1.955817072890411,1.1583673386346724,2.1857068320641364,1.7223801776563628,88.0,98.0,98.0,98.0,98.0,97.0,97.0,97.0,98.0,97.0,97.0,88.46153846153845,DNTH
2026-03-23,86.0199966430664,88.83999633789062,82.6500015258789,83.62000274658203,2634200.0,0.0407742898363081,76.35449080906142,70.30093351464213,65.730400390625,65.54733378092448,61.66280029296875,54.10450012207031,43.34125002861023,51.02999877929688,88.83999633789062,47.20000076293945,88.83999633789062,41.959999084472656,88.83999633789062,33.685001373291016,88.83999633789062,29.6200008392334,88.83999633789062,25.450000762939453,88.83999633789062,3848437.5,3483238.0,2447601.984126984,259792313.6386681,0.0904084516272769,5.492714200701032,0.0638539225186515,6.186093397886482,0.6135391345789281,17.153113309536813,11.35492973884773,85.83000183105469,80.70999908447266,4385800.0,False,False,False,0.3518779694971703,1.419360892292052,0.8740739386373968,1.9292509827210167,1.3522011856959597,2.3819959234637165,1.572329784400248,84.0,97.0,97.0,98.0,98.0,98.0,98.0,97.0,96.0,96.0,97.0,100.0,DOCN
2026-03-23,7.78000020980835,8.100000381469727,6.730000019073486,7.699999809265137,1059400.0,0.0585034436401503,6.668077520745669,5.465976642726614,4.297599990367889,3.756666658322017,2.7916000020504,2.227700006365776,2.269600008428097,0.7200000286102295,9.369999885559082,0.7200000286102295,9.369999885559082,0.7200000286102295,9.369999885559082,0.7200000286102295,9.369999885559082,0.7200000286102295,9.369999885559082,0.7200000286102295,9.369999885559082,6568882.5,5260720.0,1142880.9523809524,41326712.31079996,0.3733450850351265,1.62857152734484,0.2093279541678775,8.536520148303428,0.2640352590941075,3.5770648931573947,-2.382090354089117,9.369999885559082,6.659999847412109,2473000.0,True,True,False,8.725000117346642,10.210451797828734,4.2925170465226,5.448340912576473,2.1497976193084685,3.1896953094633327,5.7476524447407344,99.0,99.0,99.0,99.0,99.0,99.0,99.0,99.0,99.0,99.0,99.0,100.0,EDSA
2026-03-23,5.994960784912109,6.024639016436597,5.69818082826467,5.836678141366808,2995500.0,-0.0304000446688615,5.710157439652251,5.467085579985233,5.304797496795654,5.213987747828166,4.9407257604599,4.228592088222504,3.9394020307064057,4.567470425685889,6.380775198122501,3.321796512374928,6.380775198122501,3.287601759973161,6.380775198122501,3.287601759973161,6.380775198122501,3.287601759973161,6.380775198122501,2.7772647419980183,6.380775198122501,1561132.5,1534898.0,1006426.1904761904,10324544.533529282,0.052219608539259,0.3221479091944252,0.0537364497871604,3.970797332168808,-0.5834621183853242,15.724464741830026,10.41510815438121,6.380775198122501,6.074102329161215,4088800.0,False,False,False,0.191475214828324,1.250951167353966,0.7994419907306656,1.8524216987354911,0.5089272351393277,1.528040434960414,1.5511644219645655,83.0,93.0,93.0,97.0,97.0,92.0,92.0,90.0,96.0,94.0,92.0,92.3076923076923,EGY
2026-03-23,30.809999465942383,31.34499931335449,28.959999084472656,29.21999931335449,887600.0,0.0613158366239969,29.11913362386253,28.76067738897947,28.62280014038086,28.449000104268396,27.69550006866455,23.501150016784667,21.963825006484985,25.290000915527344,31.7549991607666,14.78499984741211,31.7549991607666,14.78499984741211,31.7549991607666,14.78499984741211,31.7549991607666,14.78499984741211,31.7549991607666,13.300000190734863,31.7549991607666,894375.0,1037182.0,656018.6507936508,30056645.03554344,0.0664308836791396,2.065356799534389,0.0670352754084741,1.6775506515927832,0.8618359693095912,9.421757891999404,5.618432710219111,30.34000015258789,28.6200008392334,862500.0,False,False,False,0.1840891208266486,1.2431963749767587,0.8471222363456481,1.9015057603686016,0.6250000502992807,1.6455835151260507,1.3633377632144847,75.0,93.0,93.0,98.0,98.0,94.0,94.0,83.0,97.0,96.0,95.0,100.0,ELVN
2026-03-23,14.31999969482422,15.289999961853027,14.199999809265137,14.649999618530272,5192600.0,-0.0191781287212077,14.35410055736308,14.02171606025249,14.071199989318847,13.720333353678386,12.147400045394898,7.638400027751922,4.67687501847744,11.404999732971191,16.405000686645508,3.3550000190734863,16.405000686645508,2.2100000381469727,16.405000686645508,2.0299999713897705,16.405000686645508,1.3300000429153442,16.405000686645508,1.0099999904632568,16.405000686645508,4955587.5,5938324.0,2719523.412698413,79382374.05380249,0.0766668104601415,1.1292859486171178,0.0788607522823679,2.267960337673176,-0.247944895611591,24.902950752555498,21.745404079915687,15.460000038146973,14.579999923706056,17307200.0,False,False,True,0.1419457526623597,1.1989492979538925,2.977777798381853,4.094892719202822,6.782608388615021,7.881188721580597,1.8222264522013731,90.0,91.0,91.0,99.0,99.0,99.0,99.0,86.0,99.0,99.0,99.0,65.38461538461539,ERAS
2026-03-23,14.970000267028809,15.234999656677246,14.4399995803833,14.640000343322754,2691700.0,0.0534834783139763,14.732163169648572,14.394843005918254,14.111199989318848,13.498999977111817,12.664199981689451,11.483699989318849,9.020599994659424,9.916999816894531,17.479999542236328,9.916999816894531,17.479999542236328,8.864999771118164,17.479999542236328,6.630000114440918,17.479999542236328,6.494999885559082,17.479999542236328,3.565000057220459,17.479999542236328,3958495.0,3586090.0,2433274.603174603,77872285.11810303,0.063476951328516,0.8388569014413017,0.0560358641601944,3.2492105513638494,0.9059950839958802,16.319594876757712,13.69759759033902,14.94499969482422,14.104999542236328,3400900.0,False,False,True,0.3318505846855173,1.398333782288094,0.2762149063285277,1.3137896063949837,1.061983442848244,2.0881020658362446,1.6268180314854306,86.0,97.0,97.0,89.0,89.0,97.0,97.0,95.0,92.0,92.0,96.0,69.23076923076923,FIGS
2026-03-23,97.1999969482422,99.11000061035156,93.58000183105467,95.38999938964844,1320700.0,0.0540012541923613,93.55570089045791,92.45431049821268,93.95159942626952,94.11499964396158,86.72439987182617,70.94439987182618,52.56164991378784,81.01000213623047,107.04000091552734,55.720001220703125,107.04000091552734,47.33000183105469,107.04000091552734,35.66999816894531,107.04000091552734,27.0,107.04000091552734,22.57999992370605,107.04000091552734,1464292.5,1533314.0,1022402.380952381,132570517.45674132,0.0612993245321118,5.957142421177456,0.0612874753931274,1.970905269548945,0.8359705670012745,20.082916480894134,17.60020776970011,96.56999969482422,89.0999984741211,2731400.0,False,False,False,0.0279187759920633,1.0792303329260688,0.766951461807154,1.8189745739649577,1.759012154732266,2.7939598642004,1.4322076388710996,79.0,80.0,80.0,97.0,97.0,98.0,98.0,82.0,95.0,96.0,97.0,96.15384615384616,FORM
2026-03-23,28.75,28.790000915527344,24.799999237060547,25.200000762939453,13881100.0,0.1408729813326583,24.990384924650996,22.554059798327305,21.485400009155278,19.95183340708415,15.639200038909912,13.052400012016296,10.305249993801118,8.220000267028809,28.790000915527344,7.869999885559082,28.790000915527344,7.869999885559082,28.790000915527344,7.735000133514404,28.790000915527344,6.839000225067139,28.790000915527344,4.650000095367432,28.790000915527344,14757630.0,12377864.0,5097480.158730159,281228376.8130779,0.1018513569906116,2.2579288482666016,0.0785366555918817,10.674370017625163,1.572236981597476,17.62275767563542,11.363575840960175,26.479999542236328,24.68000030517578,20000000.0,False,False,False,0.5901548739667692,1.6695320818309654,1.804878048780488,2.887460105206322,2.331402041570254,3.3736000690311525,2.895083362850459,96.0,98.0,98.0,99.0,99.0,99.0,99.0,99.0,99.0,99.0,99.0,100.0,FSLY
2026-03-23,22.459999084472656,23.100000381469727,22.2450008392334,22.600000381469727,20283800.0,0.0199817719147163,22.671740384986,21.711905606214764,19.304399909973142,18.93233324686686,22.922000007629396,30.36379995346069,41.23644989967346,13.739999771118164,27.540000915527344,13.739999771118164,36.45000076293945,13.739999771118164,41.27999877929688,13.739999771118164,65.29900360107422,13.739999771118164,65.29900360107422,13.739999771118164,70.43000030517578,42159602.5,37377156.0,32997007.14285714,1057366588.4998657,0.0995481820659587,2.462357316698347,0.1096330105552255,-0.1838438028371227,0.1786899991017375,-6.114014710963982,-11.079742802138908,24.25,21.700000762939453,33380800.0,True,True,True,0.4369800972503732,1.5087111403981486,-0.3540408746397459,0.664977646669042,-0.6115531095984565,0.3933672489604098,1.2776795882570302,69.0,98.0,98.0,11.0,11.0,8.0,8.0,97.0,94.0,90.0,88.0,69.23076923076923,HIMS
2026-03-23,32.16999816894531,32.83000183105469,29.57699966430664,30.51000022888184,4190300.0,0.0723332722981771,36.35602776700166,38.78220092840639,41.71819969177246,40.76483300526937,40.48329978942871,27.297949857711792,16.069174933433533,29.209999084472656,55.75,21.200000762939453,58.72999954223633,7.690999984741211,58.72999954223633,5.920000076293945,58.72999954223633,3.5999999046325684,58.72999954223633,2.299999952316284,58.72999954223633,5048320.0,5153064.0,2076594.047619048,197032869.14055824,0.1141552481453067,4.461214201790946,0.1386762342466495,-1.4807972297308885,0.4864142519931392,23.257450172361164,20.78528566030015,32.07099914550781,29.209999084472656,11744000.0,False,False,False,-0.2167032284395297,0.8223973092963994,1.094400969270887,2.156064947531136,3.979875848139028,5.042954676563047,2.4310577244446177,95.0,10.0,10.0,98.0,98.0,99.0,99.0,64.0,92.0,99.0,99.0,11.538461538461538,HYMC
2026-03-23,9.399999618530272,9.539999961853027,8.460000038146973,8.53499984741211,26747900.0,0.1097992115917252,8.671620773356006,8.495643465803695,8.872000007629394,8.47983333269755,7.246299996376037,4.70844999551773,3.6662999975681294,5.820000171661377,12.43000030517578,1.950000047683716,12.43000030517578,1.950000047683716,12.43000030517578,1.950000047683716,12.43000030517578,1.950000047683716,12.43000030517578,1.830000042915344,12.43000030517578,32573495.0,42667958.0,16236026.19047619,297368002.4355936,0.1110709799021563,0.7855713026864188,0.083571418570892,3.5564036551444467,1.1838509735795406,23.262235924579198,19.76733850267309,9.31999969482422,8.399999618530273,31639900.0,False,False,False,0.0804597499553581,1.134394042498297,3.4976076576856627,4.63002756433,2.4432232794344326,3.486837718246235,2.006247995529049,92.0,86.0,86.0,99.0,99.0,99.0,99.0,97.0,99.0,99.0,99.0,84.61538461538461,IBRX
2026-03-23,48.77000045776367,50.21799850463867,47.91999816894531,48.709999084472656,582800.0,0.0414264051004691,46.518228448848085,45.27762264090157,46.65920043945312,46.13833376566569,39.60100025177002,28.75945014953613,24.02510004043579,32.029998779296875,55.33000183105469,18.31999969482422,55.33000183105469,14.06999969482422,55.33000183105469,14.0600004196167,55.33000183105469,14.0600004196167,55.33000183105469,13.119999885559082,55.33000183105469,1047510.0,1058554.0,786533.3333333334,37948902.93111801,0.0884313869007225,4.183928080967495,0.0857889694832155,2.698884977085072,0.4636787700854498,18.157142991775963,15.518894292468502,51.5,46.72999954223633,1187800.0,True,True,False,-0.0313802991904659,1.0169711718462606,1.828886375014175,2.912175291744536,1.6447938744735011,2.6782948098607067,1.3318062383454825,73.0,58.0,58.0,99.0,99.0,98.0,98.0,96.0,98.0,99.0,98.0,84.61538461538461,ICHR
2026-03-23,3.289999961853028,3.400000095367432,3.180000066757202,3.180000066757202,2856600.0,0.0822368431371995,3.326703384698424,3.5325210974650267,3.652400026321411,3.809666705131531,4.19239999294281,3.673399996757508,2.374699996709824,2.950000047683716,4.909999847412109,2.950000047683716,5.78000020980835,2.400000095367432,5.78000020980835,1.2899999618530271,5.78000020980835,1.0099999904632568,5.78000020980835,0.5299999713897705,5.78000020980835,3322447.5,3356132.0,2960098.8095238097,14081492.21997738,0.0867703355871758,0.2607143095561436,0.079244471908535,-2.716235459273676,0.9589040218989732,10.040328760233429,8.067888501883894,3.25,3.0199999809265137,14227600.0,False,False,True,-0.1691919368282285,0.8722802652857236,0.0092024452385066,1.0389156847549312,1.3333333615151992,2.3628891053239647,1.1224110118589188,55.0,16.0,16.0,62.0,62.0,98.0,98.0,67.0,56.0,80.0,97.0,23.07692307692308,IRWD
2026-03-23,2.690000057220459,2.799999952316284,2.539999961853028,2.609999895095825,24805300.0,-0.0528168526345631,2.584373062577476,2.4046843217472604,2.3283999967575078,2.21599999666214,1.861199995279312,1.513500000834465,1.6797000071406365,1.4500000476837158,3.009999990463257,0.8399999737739563,3.009999990463257,0.8399999737739563,3.009999990463257,0.8399999737739563,3.009999990463257,0.8399999737739563,3.009999990463257,0.8399999737739563,3.009999990463257,28177770.0,26305838.0,14496477.777777778,93261823.71458767,0.1085460391486909,0.2721428786005292,0.1011683542050667,4.401614939644307,-0.5511805332559631,8.738155248101268,3.86905679412844,3.009999990463257,2.799999952316284,58487600.0,False,False,True,0.2453703473747521,1.3075366322755886,1.956043933730903,3.0430766612460074,0.5917159562968883,1.611877819919361,1.9437666467640031,91.0,95.0,95.0,99.0,99.0,93.0,93.0,98.0,99.0,98.0,98.0,92.3076923076923,KOS
2026-03-23,69.94999694824219,70.79000091552734,66.36499786376953,66.5,1851600.0,0.063716464049554,67.02780298195906,63.97570972485928,62.376399536132816,60.88233286539714,54.62349975585938,44.705599784851074,34.79207492828369,49.10300064086914,72.9000015258789,36.26499938964844,72.9000015258789,28.049999237060547,72.9000015258789,28.045000076293945,72.9000015258789,24.871999740600582,72.9000015258789,6.199999809265137,72.9000015258789,1982860.0,1774110.0,945716.6666666666,161437930.7720375,0.0917690212848409,5.981071199689593,0.085504952975411,3.281497784204608,0.7005425403110352,14.730220437109216,11.566547010365772,71.5199966430664,64.66000366210938,3984300.0,True,False,True,0.2488841107740171,1.311225795399934,0.9457578710360708,2.003045454846274,1.2434251527775229,2.2718420520355767,2.0966744796715013,93.0,95.0,95.0,98.0,98.0,98.0,98.0,94.0,97.0,97.0,97.0,96.15384615384616,LASR
2026-03-23,29.11000061035156,30.7450008392334,28.2450008392334,30.57999992370605,8633300.0,-0.0744038186270995,30.15009496780776,29.09030335974394,28.633990707397466,27.998238182067876,25.6470361328125,21.790295515060425,16.893647413253785,23.52367926989892,32.400001525878906,18.111239804158064,32.400001525878906,14.64422446816766,32.400001525878906,11.428864844639786,32.400001525878906,9.82167991871116,32.400001525878906,9.2896470063623,32.400001525878906,4976745.0,4607682.0,4087876.587301587,122036889.23863412,0.0526068383303424,1.6971427372523715,0.0583010203252577,2.3159794290759987,-1.3787880660976624,14.367157114672665,13.634124404347958,32.040000915527344,30.959999084472656,5105600.0,False,False,True,0.087688803187147,1.1419839549586022,0.6920303411982354,1.7418476033682642,1.6796464213687332,2.7135888251565143,1.2174401290536894,64.0,87.0,87.0,97.0,97.0,98.0,98.0,85.0,94.0,95.0,97.0,73.07692307692307,LBRT
2026-03-23,728.9500122070312,766.0,710.030029296875,742.7449951171875,7352900.0,0.0319955226194301,689.5883616650086,662.2700978551323,669.442001953125,653.1546691894531,546.0242016601562,424.9859005737305,275.4251251602173,528.010009765625,787.4500122070312,317.44000244140625,787.4500122070312,215.3500061035156,787.4500122070312,147.80999755859375,787.4500122070312,111.1999969482422,787.4500122070312,45.650001525878906,787.4500122070312,6463792.5,6068486.0,3852200.793650794,5096220284.986267,0.1004453018257629,76.52000645228794,0.1049729133285963,3.1914338355801037,0.2953480752146226,19.33848180750916,17.622188052728056,787.4500122070312,680.6599731445312,22868800.0,True,True,False,0.0916183579471376,1.1461096648793914,1.1622222930303003,2.225883086941059,3.3202159110115863,4.374938993778249,1.6779479695486377,87.0,87.0,87.0,99.0,99.0,99.0,99.0,92.0,98.0,99.0,99.0,92.3076923076923,LITE
2026-03-23,3.2880001068115234,4.079999923706055,3.240000009536743,3.4560000896453857,526763.0,-0.1236673707597539,2.9744423699719675,3.1781624956671557,3.090880007743836,3.7085333307584127,4.906559998989105,6.735439966917038,12.78611999452114,1.2079999446868896,8.920000076293945,1.2079999446868896,8.920000076293945,1.2079999446868896,13.279999732971191,1.2079999446868896,13.279999732971191,1.2079999446868896,21.200000762939453,1.2079999446868896,58.720001220703125,2209099.3,1770189.24,491050.4722222223,18236977.83228892,0.2578908697557696,0.9319999984332492,0.2834549781499365,-1.1637711099542218,-0.497854063764563,-1.8749778221329585,-6.962968139122268,4.800000190734863,2.936000108718872,10098113.0,True,True,True,-0.2458715582283225,0.791772957446736,-0.6009708497400428,0.4107774855633932,-0.7651428495134627,0.2378320266383655,4.49872146543886,98.0,8.0,8.0,3.0,3.0,4.0,4.0,99.0,99.0,98.0,97.0,61.53846153846154,LNAI
2026-03-23,4.679999828338623,4.789999961853027,4.5,4.559999942779541,1925400.0,0.0423162732529811,4.651147789873608,4.606127280046303,4.5909999656677245,4.373166640599568,3.9860999822616576,3.827149999141693,3.766700012683868,2.7149999141693115,6.420000076293945,2.7149999141693115,6.420000076293945,2.7149999141693115,6.420000076293945,2.7149999141693115,6.420000076293945,2.7149999141693115,6.420000076293945,1.6100000143051147,6.420000076293945,5702285.0,4819968.0,2330090.476190476,51659970.967748165,0.1244711751809175,0.4169287340981619,0.0890873396134652,1.954036237516452,0.455713510922769,3.7207106112051047,0.2360820389338479,4.925000190734863,4.409999847412109,2843900.0,True,False,True,0.5757575027797439,1.6544160239649754,0.3644314102778425,1.40460340697543,0.1142857240170853,1.128400099584676,2.44723758938443,95.0,98.0,98.0,92.0,92.0,75.0,75.0,97.0,95.0,92.0,90.0,53.84615384615385,LRMR
2026-03-23,20.309999465942383,20.940000534057617,18.31999969482422,18.440000534057617,19040600.0,0.1390913938781917,18.51130076391353,18.21587196802128,17.9396000289917,17.848333422342936,18.418400135040283,15.229350051879884,12.937725005149842,15.199999809265137,20.940000534057617,14.539999961853027,23.315000534057617,7.78000020980835,23.315000534057617,7.78000020980835,23.315000534057617,7.78000020980835,23.315000534057617,6.135000228881836,23.315000534057617,10371730.0,11023584.0,8667534.523809524,206693020.08701324,0.10584725186627,1.7830713817051478,0.0877927832886042,1.169818352399364,1.3908582503661235,9.905053674799433,6.374227398073333,20.799999237060547,17.610000610351562,18066000.0,False,False,False,0.1572649771433327,1.2150332261035786,0.8718892858869391,1.927002008772428,1.091658021230892,2.118152524601342,1.1966182507273653,62.0,92.0,92.0,98.0,98.0,97.0,97.0,91.0,87.0,98.0,97.0,100.0,LUNR
2026-03-23,7.400000095367432,7.599999904632568,6.409999847412109,6.570000171661377,5012800.0,0.0930576242564034,6.624313445865225,5.8831454683202224,5.214800014495849,4.922000002861023,4.504000020027161,4.347000019550324,3.574100009202957,3.25,8.039999961853027,3.0,8.039999961853027,2.8399999141693115,8.039999961853027,2.8399999141693115,8.039999961853027,1.9900000095367432,8.039999961853027,0.7900000214576721,8.039999961853027,3755230.0,3380412.0,2014050.0,37256825.17268658,0.1396361803569346,0.9400000061307636,0.1270270262184489,5.061789189429785,0.6702128833319163,10.732423044216718,5.296002050203237,7.21999979019165,6.46999979019165,5519900.0,False,False,False,1.138728327682491,2.245489175830573,1.474916411961468,2.547783639422814,0.7661097838448256,1.7884806499929768,1.8645167696929072,90.0,99.0,99.0,99.0,99.0,95.0,95.0,99.0,98.0,98.0,97.0,92.3076923076923,LWLG
2026-03-23,14.43000030517578,14.760000228881836,14.0,14.119999885559082,1448400.0,-0.0156889184604548,14.291083522105705,13.400000394702928,12.586399955749512,12.151666641235352,11.123999996185304,9.992699966430663,9.10439998626709,9.449999809265137,15.65999984741211,8.220000267028809,15.65999984741211,8.199999809265137,15.65999984741211,7.710000038146973,15.65999984741211,7.590000152587891,15.65999984741211,4.880000114440918,15.65999984741211,1212545.0,1105636.0,582701.1904761905,27927046.703357697,0.067318712845201,1.0450001444135393,0.0724185808948816,4.103853979355948,-0.2200952253125336,14.12532922692073,10.57077905104363,15.010000228881836,14.449999809265137,4052000.0,False,False,True,0.4372510318727647,1.508995599510633,0.6435080574077199,1.6918967120204107,0.7512136779122309,1.7733958588523644,2.080903591442972,93.0,98.0,98.0,96.0,96.0,95.0,95.0,96.0,95.0,93.0,92.0,73.07692307692307,LXU
2026-03-23,16.8700008392334,17.31999969482422,16.5,16.989999771118164,776500.0,0.0368777114067886,16.921268265369832,17.0968118580815,17.643600158691406,17.321000130971274,16.902200050354004,14.841700010299682,28.84772496461868,15.229999542236328,19.489999771118164,11.0600004196167,19.489999771118164,10.649999618530272,19.489999771118164,6.079999923706055,19.489999771118164,5.949999809265137,62.75,5.949999809265137,62.75,1131690.0,1605958.0,2067162.3015873013,15425726.88504219,0.0473668902247867,0.8324287959507534,0.0493437317451005,-0.0386073509098788,0.7207828277786088,12.787473276358194,9.853689138206514,16.889999389648438,16.030000686645508,682600.0,False,True,True,-0.1012253368243468,0.9436396159107272,0.2722474018129017,1.309705289427593,-0.6863145923735561,0.3176587813831775,0.5474606416395147,13.0,32.0,32.0,89.0,89.0,6.0,6.0,65.0,92.0,89.0,97.0,42.30769230769231,MLTX
2026-03-23,5.039999961853027,5.300000190734863,4.900000095367432,5.0,1836750.0,0.045643108372716,5.580443577466541,5.32545296833966,4.874399995803833,4.4109999974568685,3.5458000040054323,4.2457000207901,6.494649996757508,1.309999942779541,13.300000190734863,1.309999942779541,13.300000190734863,1.309999942779541,13.300000190734863,1.309999942779541,13.300000190734863,1.309999942779541,14.399999618530272,1.309999942779541,14.399999618530272,9184047.75,7467872.6,1682426.3095238097,147150555.6178193,0.320631021196069,1.9157143320356096,0.3801020528839984,1.1086495076672007,0.1148395595902244,0.2851727662776668,-4.765762719866214,5.389999866485596,4.78000020980835,2521920.0,True,True,True,1.9473683329940636,3.094494800139243,0.2857142509593915,1.323568633564864,-0.4598070736263154,0.5470354136078448,5.458811300091613,99.0,99.0,99.0,90.0,90.0,15.0,15.0,99.0,99.0,99.0,99.0,57.692307692307686,MOBX
2026-03-23,211.47000122070312,218.2899932861328,204.0,204.3000030517578,1211100.0,0.0759094273074949,201.7560510243564,202.94385414138745,210.5763989257813,211.8249989827474,190.42639984130855,167.90429969787598,147.4284994506836,180.82000732421875,243.8000030517578,111.18000030517578,243.8000030517578,111.18000030517578,243.8000030517578,111.18000030517578,243.8000030517578,111.18000030517578,243.8000030517578,64.79000091552734,243.8000030517578,1402075.0,1343446.0,1129955.5555555555,225306334.35897827,0.0647334907239698,13.590712411063055,0.0642678031522729,1.7194892100081167,1.0978083942678527,9.08647197234663,6.150657548385739,205.0,188.00999450683597,1508500.0,False,False,False,-0.0657801703017291,0.9808541310652982,0.5790770916373928,1.6255687505310972,0.3647628614755007,1.38204996762106,1.240823139553178,66.0,44.0,44.0,96.0,96.0,88.0,88.0,78.0,97.0,95.0,93.0,73.07692307692307,MOD
2026-03-23,51.27999877929688,52.54999923706055,50.18999862670898,51.23400115966797,5977200.0,-0.0019463271066457,52.521857386128985,51.784683806392266,52.06780029296875,50.28300018310547,47.40920013427734,37.60960004806518,32.593125,36.65499877929688,59.54999923706055,29.059999465942383,59.54999923706055,22.280000686645508,59.54999923706055,22.280000686645508,59.54999923706055,22.280000686645508,59.54999923706055,22.280000686645508,59.54999923706055,10301462.5,11695052.0,10809936.507936507,498634198.5336113,0.066378949080265,3.8316426958356575,0.0747200231483351,1.0927000285325938,-0.0260990642282603,16.655323159786644,13.185091077069949,52.97999954223633,50.619998931884766,15477600.0,False,True,True,0.0282735086747838,1.0796027731229147,0.6568658324784673,1.705647770690456,1.031695691137683,2.057430666831702,0.9529623501892732,37.0,80.0,80.0,97.0,97.0,97.0,97.0,93.0,95.0,97.0,96.0,46.15384615384615,MRNA
2026-03-23,404.1802062988281,444.083425501308,401.3513776258061,425.9710395632608,54807300.0,-0.0438637869187529,425.4303141219366,418.6424718898969,415.90408203125,412.98284301757815,401.9781329345704,326.8069004821777,233.02393226623536,357.51982117907266,471.1420829782047,277.021652199878,471.1420829782047,192.43137763993107,471.1420829782047,163.72244341190353,471.1420829782047,113.29560967462557,471.1420829782047,61.39304893165705,471.1420829782047,38719380.0,38084308.0,27414121.825396825,16763430069.601591,0.0569732210540439,27.54700274827986,0.0681552493639759,0.0803766763993143,-0.6731115533687135,15.465697425616725,15.29578832644876,448.9114225546253,415.18556972243744,64224900.0,False,False,False,-0.0556321087351935,0.9915087626556556,0.6274928331182255,1.675409962718796,1.48735109475603,2.5188577422550926,1.4123881204952489,78.0,48.0,48.0,96.0,96.0,98.0,98.0,71.0,90.0,96.0,97.0,61.53846153846154,MU
2026-03-23,74.33999633789062,74.4800033569336,71.94000244140625,73.0,699800.0,0.0293546812704812,72.87200108603768,70.32835514191295,71.70480010986329,69.81233342488606,56.71160003662109,55.14179988861084,44.990599946975706,35.599998474121094,77.0,33.400001525878906,77.0,33.400001525878906,77.0,33.400001525878906,77.0,25.34000015258789,77.0,6.449999809265137,77.0,1272830.0,1182260.0,1105526.9047619049,68069365.0150299,0.0626513395920722,4.361429486955915,0.0586686804117169,5.298276081935171,0.4860780447162893,6.276573219850025,3.017627936958848,75.4800033569336,70.77999877929688,837500.0,True,False,True,0.0082733345067678,1.0586042320610538,0.689545371315696,1.739289470260983,0.3482045186936771,1.3652818844972736,1.1513333547265654,58.0,75.0,75.0,97.0,97.0,88.0,88.0,98.0,98.0,97.0,96.0,96.15384615384616,NKTR
2026-03-23,4.960000038146973,5.289999961853027,4.949999809265137,5.03000020980835,2893400.0,0.001009104847206,5.07081381164192,5.031440088467718,4.8740000152587895,4.88166667620341,5.270800008773803,4.780150017738342,2.923445007354021,4.079999923706055,6.340000152587891,2.009999990463257,9.44499969482422,2.009999990463257,9.44499969482422,1.4700000286102295,9.44499969482422,0.3210000097751617,9.44499969482422,0.3210000097751617,9.44499969482422,3869607.5,5056144.0,10335121.42857143,17483759.978718758,0.1031067849071702,0.5762856687818255,0.116186625876947,-0.5075143089751262,0.0086764511279404,5.573098780822185,5.728043606061724,5.197000026702881,4.769999980926514,3105800.0,False,True,True,0.0442105343467311,1.0963353418078163,0.3663911520043843,1.4066208480026283,8.117646633444384,9.233137558351036,0.3744133561220166,8.0,82.0,82.0,92.0,92.0,99.0,99.0,83.0,98.0,97.0,98.0,76.92307692307693,NUAI
2026-03-23,2.0999999046325684,2.289999961853028,1.9700000286102293,2.220000028610229,13625400.0,0.0294117372066224,2.150943847449447,2.029041706622189,1.9275999975204468,1.840666659673055,1.7353999948501586,1.5369999980926514,1.3720799961686134,1.309999942779541,2.7249999046325684,1.309999942779541,2.7249999046325684,1.090000033378601,2.7249999046325684,1.090000033378601,2.7249999046325684,0.9800000190734864,2.7249999046325684,0.5600000023841858,2.7249999046325684,8057095.0,8164316.0,5265672.619047619,26222644.735866785,0.1228311424399044,0.2817857095173427,0.1341836772924264,1.565731451518792,0.212927557193415,10.467190168605,6.338820194443449,2.2799999713897705,2.009999990463257,25070000.0,False,False,True,0.3124999208375822,1.3780171737440077,0.4583332091569949,1.5012698906354045,0.5671640688976298,1.5870149399692897,1.530116963757852,83.0,96.0,96.0,94.0,94.0,93.0,93.0,96.0,93.0,95.0,93.0,73.07692307692307,OCGN
2026-03-23,12.65999984741211,12.789999961853027,12.020000457763672,12.119999885559082,1041000.0,0.0411184215685997,12.28077618402,12.031395723173564,12.27120002746582,11.75466667811076,10.423400020599365,8.526700024604798,7.047599999904633,8.829999923706055,14.5,6.710000038146973,14.5,5.829999923706055,14.5,5.5,14.5,4.920000076293945,14.5,3.0799999237060547,14.5,1319857.5,1215784.0,794511.9047619047,17773169.641199112,0.0536448652115697,0.5999997002737862,0.0473933418250739,4.5275322119743295,0.8333337496199493,19.632433371320147,16.719131921703685,12.369999885559082,11.920000076293944,1782000.0,False,False,False,0.0103751091150336,1.0608109228650282,0.8980509299253847,1.95393391174071,1.2132867677933836,2.241321911748019,1.6612180284391436,87.0,76.0,76.0,98.0,98.0,98.0,98.0,94.0,96.0,96.0,96.0,88.46153846153845,OIS
2026-03-23,9.210000038146973,9.34000015258789,8.609999656677246,8.819999694824219,2020500.0,0.0442177275302646,9.722779232089591,9.561354205599375,9.307999954223632,9.285666624704996,9.656399974822998,7.922900004386902,6.563174992799759,7.940000057220459,12.210000038146973,6.369999885559082,12.75,4.170000076293945,12.75,4.170000076293945,12.75,4.170000076293945,12.75,1.850000023841858,12.75,1882750.0,2457118.0,934140.4761904762,16528271.806731224,0.1011729168341548,1.039285727909633,0.1128431838876229,-0.4096694197431172,0.3752580573844509,11.887433113793763,8.17238469504949,10.220000267028809,8.795000076293945,2308800.0,False,False,True,-0.0524691579085452,0.994829601376962,0.2845188201040396,1.3223380064775787,0.3425655770984153,1.359571515854385,2.0154891560614674,92.0,50.0,50.0,90.0,90.0,88.0,88.0,76.0,89.0,96.0,96.0,65.38461538461539,OSS
2026-03-23,2.549999952316284,2.684999942779541,2.4600000381469727,2.559999942779541,3982900.0,-0.026717532939075,2.232108110223653,2.040606980958651,1.8635999965667724,1.8106666644414269,1.729199995994568,1.627449997663498,1.2722299985587595,1.3600000143051147,2.720000028610229,1.3600000143051147,2.720000028610229,1.1799999475479126,2.720000028610229,1.1799999475479126,2.720000028610229,0.8399999737739563,2.720000028610229,0.2430000007152557,2.720000028610229,3026140.0,2679286.0,2000111.111111111,10290587.636210322,0.0972671547979244,0.2319999848093305,0.0909803879010249,5.217282038374897,-0.3017238699404544,10.665743844469311,4.602539725043949,2.720000028610229,2.3499999046325684,10114700.0,True,True,False,0.7346938113512218,1.821286100881404,0.9029849916397816,1.959013243572317,1.1074379106809156,2.1341322939217733,1.5129859452252654,82.0,99.0,99.0,98.0,98.0,97.0,97.0,98.0,96.0,96.0,95.0,96.15384615384616,OVID
2026-03-23,57.20000076293945,60.209999084472656,56.45000076293945,56.560001373291016,2698800.0,-0.0682521366406057,54.81496690931198,51.19978619348616,48.23319961547852,47.23566640218099,43.39319999694824,42.08959991455078,37.029799947738645,36.59999847412109,61.70000076293945,34.369998931884766,61.70000076293945,34.369998931884766,61.70000076293945,33.209999084472656,61.70000076293945,27.84000015258789,61.70000076293945,12.039999961853027,61.70000076293945,1352170.0,1341434.0,1381071.4285714286,88959996.34033203,0.0618400618825361,3.4028573717389787,0.0594905126984496,5.348397389991736,-1.2313177335927392,9.913164586372698,6.468588833537638,61.70000076293945,56.84000015258789,3409700.0,False,True,False,0.3380117137529697,1.4048024620417543,0.5104304826050505,1.554901027552993,0.6356876970617777,1.6564065396081828,0.9790731833462633,40.0,97.0,97.0,95.0,95.0,94.0,94.0,96.0,94.0,91.0,90.0,92.3076923076923,PARR
2026-03-23,46.27696990966797,47.37951261575764,45.502211808769054,46.31670206588509,5831200.0,-0.0553528148683136,44.76733165171059,42.18644654938954,40.00477783203125,39.043998336792,36.409531593322754,34.17953643798828,29.77684715270996,32.235599893679755,50.130900743007736,25.277993480881257,50.130900743007736,25.248429363870372,50.130900743007736,25.248429363870372,50.130900743007736,21.648769516797422,50.130900743007736,13.006698297145476,50.130900743007736,3647170.0,3676486.0,3404912.301587302,190037148.903656,0.0713522692930064,3.3693507867025567,0.0728083708436288,3.722271224844908,-0.8048014734722799,10.217328542346134,7.077578125588644,49.39587352711185,46.13791240982639,5931300.0,False,True,True,0.3658523349203235,1.4340328288305249,0.8046890678320235,1.8578232618464792,0.5700518323416781,1.5899392819828388,1.0711494678731557,50.0,97.0,97.0,98.0,98.0,93.0,93.0,94.0,96.0,94.0,92.0,88.46153846153845,PBF
2026-03-23,33.81999969482422,34.84000015258789,31.229999542236328,34.5,29098200.0,-0.0002956587552203,28.309074487727614,26.73815467163508,25.71479995727539,25.168333307902017,25.28180000305176,20.191199951171875,14.392449977397918,19.979999542236328,36.27999877929688,18.76000022888184,36.27999877929688,10.520000457763672,36.27999877929688,10.520000457763672,36.27999877929688,6.099999904632568,36.27999877929688,2.789999961853028,36.27999877929688,12583362.5,13473152.0,10494130.555555556,407962748.5893059,0.093617194417678,2.812213897705078,0.083152392758166,4.061472954956554,-0.0035566769080513,18.143892124083717,12.297455826641755,36.27999877929688,32.26100158691406,63704700.0,False,False,False,0.4150627713233401,1.4856997473683324,0.9336763943629288,1.990608271732076,2.044104477041814,3.0826633788834865,1.199085758785268,63.0,98.0,98.0,98.0,98.0,99.0,99.0,97.0,96.0,98.0,98.0,96.15384615384616,PL
2026-03-23,5.519999980926514,5.539999961853027,5.21999979019165,5.400000095367432,521400.0,-0.0036101048852397,5.297122343532545,5.942726029801256,4.002000017166138,3.9810000101725262,6.394000026157924,0.0,0.0,2.200000047683716,8.149999618530273,2.200000047683716,48.90999984741211,0.0,0.0,0.0,0.0,0.0,0.0,0.0,0.0,2980168.571428572,2980168.571428572,0.0,12716274.06592369,0.2520881062510121,1.1971428053719655,0.2168736973747288,-0.6302776945821511,-0.0167064287040504,6.364368859125975,1.5509566507808992,5.71999979019165,5.110000133514404,1160200.0,True,True,True,1.1149426064340315,2.2205161210898545,0.0,0.0,0.0,0.0,0.0,0.0,99.0,99.0,0.0,0.0,0.0,0.0,99.0,98.0,0.0,0.0,76.92307692307693,PLYX
2026-03-23,10.720000267028809,10.899999618530272,10.369999885559082,10.369999885559082,14747500.0,-0.0174151771806274,10.3162893949848,9.721712858356828,9.242775650024416,9.078614648183189,8.384442834854125,7.183755917549133,6.408819670677185,7.639165522523048,11.09000015258789,5.702197299793371,11.09000015258789,5.107121186987462,11.09000015258789,4.9706713922892,11.09000015258789,4.9706713922892,11.09000015258789,4.850127533941546,11.09000015258789,11240950.0,11226646.0,10627752.777777778,111665436.56782629,0.0486953570234223,0.4964284896850586,0.0463086266156083,6.015260528603311,-0.3827330307006337,16.964628255731853,13.238570464628378,10.949999809265137,10.640000343322754,14178800.0,False,False,False,0.2898296354323786,1.3542152350725656,0.8799770035644474,1.9353278474469937,1.0558721718860125,2.0819133849497025,1.0576977311237794,48.0,96.0,96.0,98.0,98.0,97.0,97.0,93.0,96.0,96.0,95.0,96.15384615384616,PTEN
2026-03-23,14.510000228881836,14.770000457763672,13.664999961853027,13.899999618530272,1904800.0,-0.0054832023899509,14.118933837617837,13.41024619774656,12.811999969482422,12.59700002670288,11.874399967193604,10.90760001182556,8.214950006008149,10.609999656677246,15.18000030517578,9.130000114440918,15.18000030517578,8.789999961853027,15.18000030517578,4.869999885559082,15.18000030517578,4.510000228881836,15.18000030517578,4.510000228881836,15.18000030517578,3631867.5,3298650.0,2608673.8095238097,43168257.6840353,0.0582203175580962,0.781428609575544,0.0538544863714149,4.1214115184659805,-0.1023764970027255,15.0513632181492,13.931622586976877,14.859999656677246,14.253000259399414,5529700.0,False,False,False,0.2909253135543765,1.3553656071564322,0.6033149086269376,1.650520184560477,1.9917526833397123,3.0296484582454277,1.3922275321432254,77.0,96.0,96.0,96.0,96.0,99.0,99.0,92.0,93.0,91.0,98.0,88.46153846153845,PUMP
2026-03-23,15.920000076293944,16.739999771118164,14.949999809265137,16.059999465942383,2364500.0,-0.0105655733176983,15.814753871642868,16.721418966643753,17.298000030517578,18.339666684468583,20.549700050354005,24.742749996185303,25.160075001716613,8.729999542236328,26.96999931335449,8.729999542236328,28.770000457763672,8.729999542236328,31.43000030517578,8.729999542236328,71.5,8.729999542236328,71.5,7.760000228881836,71.5,4113462.5,3755010.0,2827434.523809524,92493296.09299184,0.1435546198357289,1.997856957571847,0.125493526884262,-1.795254547692326,-0.0850912151891794,-6.070230855582851,-6.705503140643396,17.7189998626709,15.0,5757900.0,False,True,True,-0.320529241616051,0.7133885185398147,-0.3347262902938352,0.6848608967703101,0.1478010243438607,1.162339929747809,1.4548391714683302,80.0,4.0,4.0,12.0,12.0,77.0,77.0,98.0,96.0,94.0,92.0,42.30769230769231,QURE
2026-03-23,15.149999618530272,15.68000030517578,13.09000015258789,13.414999961853027,19365400.0,0.1433961976249262,15.173974809366236,14.755954266621758,14.201399879455566,13.866333230336506,13.933399925231932,11.2085999584198,10.463749985694886,10.800000190734863,18.780000686645508,7.659999847412109,18.780000686645508,5.769999980926514,18.780000686645508,5.769999980926514,18.780000686645508,5.769999980926514,18.780000686645508,4.599999904632568,18.780000686645508,16409195.0,16918216.0,10630183.333333334,335894803.1366348,0.1429611554620091,2.201143060411726,0.1452899746426041,0.6009729877655987,0.8631877012913811,8.534700878468259,4.865473337138013,15.130000114440918,12.979999542236328,18092200.0,False,False,True,0.2149157413081612,1.2755617959246734,1.1070931151545813,2.169130779360994,0.4483747192427498,1.4667209156530363,1.5436417684862755,83.0,94.0,94.0,98.0,98.0,91.0,91.0,93.0,97.0,98.0,97.0,76.92307692307693,RCAT
2026-03-23,5.860000133514404,6.150000095367432,5.710000038146973,6.070000171661377,1748100.0,-0.0345963809239061,5.978294414231864,5.59212326800832,5.222400026321411,5.01333335240682,4.562200012207032,4.2308000111579895,2.686170004606247,3.450000047683716,7.510000228881836,3.220999956130981,7.510000228881836,2.970000028610229,7.510000228881836,1.8029999732971191,7.510000228881836,0.5899999737739563,7.510000228881836,0.2430000007152557,7.510000228881836,1938270.0,1658650.0,1268046.4285714286,21936668.37198257,0.0969692624330289,0.6837857791355678,0.1166869903679477,2.4378728489483623,-0.3071137841042142,12.858281798565724,10.1010629125258,6.6579999923706055,5.84499979019165,1570500.0,False,False,True,0.4188861915582968,1.4897140247504204,0.4120481924942156,1.453622136701613,2.830065518361737,3.878579990017848,1.528548132250678,83.0,98.0,98.0,93.0,93.0,99.0,99.0,97.0,96.0,95.0,98.0,61.53846153846154,RLMD
2026-03-23,1.5299999713897705,1.7400000095367432,1.5199999809265137,1.7300000190734863,9124200.0,-0.09467460379489,1.7836307742498942,1.7339992186742814,1.7951600110530854,1.5662333428859712,1.2445800060033798,1.192889998853207,1.275420001000166,0.3930000066757202,2.740000009536743,0.3930000066757202,2.740000009536743,0.3930000066757202,2.740000009536743,0.3930000066757202,2.740000009536743,0.3930000066757202,2.740000009536743,0.3930000066757202,2.740000009536743,36248992.5,29249014.0,6626268.650793651,51463618.80166888,0.1991752880866979,0.2743571741240365,0.1793184178133187,1.2789001285613897,-0.5831817095417109,-4.846486660919375,-6.160766641118255,1.940000057220459,1.659999966621399,12441800.0,False,False,False,-0.089285702881764,0.9561752514257346,0.4854369066878266,1.5291715833160835,0.0624999379118307,1.0759583560186028,5.470498467589046,99.0,36.0,36.0,95.0,95.0,69.0,69.0,99.0,99.0,99.0,99.0,30.76923076923077,RXT
2026-03-23,10.6899995803833,11.149999618530272,10.5,10.5,916900.0,0.0278846127394387,10.854084544933665,10.371690716807793,9.87640007019043,9.600666745503744,9.004200057983399,7.605900039672852,6.483700016736984,7.150000095367432,11.850000381469728,5.730000019073486,11.850000381469728,5.409999847412109,11.850000381469728,5.380000114440918,11.850000381469728,4.829999923706055,11.850000381469728,3.3499999046325684,11.850000381469728,1151165.0,1133088.0,727164.6825396825,16941741.511683464,0.0737547727585699,0.6642857279096331,0.0621408563129068,3.0128919505406464,0.4365590734059513,10.36254338180762,6.712311058840136,11.390000343322754,10.390000343322754,1300900.0,True,False,True,0.3775772248815587,1.4463430007934537,0.8721540295912946,1.9272745471399209,0.4992986548109659,1.5182898918391994,1.5830870608009475,85.0,97.0,97.0,98.0,98.0,92.0,92.0,95.0,96.0,95.0,94.0,73.07692307692307,RYAM
2026-03-23,1.5099999904632568,1.5399999618530271,1.340000033378601,1.340000033378601,10253600.0,0.143939341258523,1.4945377244088685,1.460254479279074,1.390160002708435,1.335133332014084,1.3106800043582916,1.4663400059938432,1.9098950031399728,0.8100000023841858,2.0,0.8100000023841858,2.0,0.8100000023841858,2.0,0.8100000023841858,2.2699999809265137,0.8100000023841858,2.2699999809265137,0.8100000023841858,3.5850000381469727,13428660.0,11869158.0,7588805.158730159,22645066.310079694,0.1423884857590809,0.1785000136920384,0.1182119303439703,1.2864498631341357,1.0644253413838474,-3.78798802051873,-5.582948659429833,1.4160000085830688,1.2999999523162842,11138000.0,False,False,True,0.5439672937485758,1.621038914140919,-0.0065789411768027,1.0226696580519652,-0.1968085136738445,0.8133653098315212,1.7695354827435086,89.0,98.0,98.0,56.0,56.0,32.0,32.0,98.0,96.0,94.0,92.0,53.84615384615385,SABR
2026-03-23,4.960000038146973,5.070000171661377,3.640000104904175,3.7200000286102295,23574700.0,0.3816156425437311,3.5020877061650126,3.361560522910381,3.227799997329712,3.2238333304723104,3.5710999822616576,2.6895999944210054,3.068749993443489,2.7300000190734863,5.070000171661377,1.8200000524520876,5.929999828338623,1.2549999952316284,5.929999828338623,1.2549999952316284,5.929999828338623,1.2549999952316284,5.929999828338623,1.2549999952316284,5.929999828338623,8594947.5,9696740.0,3980114.6825396814,19977093.17670107,0.1082292951841448,0.3884286369596209,0.0783122245911787,4.966374036332787,3.527031721196394,18.0165382438686,8.04074324938407,4.170000076293945,3.319999933242798,19647400.0,False,False,False,0.3932584600758038,1.4628070104746111,1.7403315994198918,2.821013260024417,0.3551912354726709,1.3723571002514203,2.1594723231732678,93.0,97.0,97.0,99.0,99.0,88.0,88.0,98.0,99.0,99.0,99.0,100.0,SATL
2026-03-23,3.150000095367432,3.289999961853028,2.680000066757202,2.7300000190734863,10988300.0,0.2401575364864909,2.06820196354294,1.926856304626138,1.7431999921798706,1.7773333271344502,2.178599989414215,2.8104700016975404,4.10282001376152,1.2200000286102295,3.289999961853028,1.2200000286102295,4.079999923706055,1.2200000286102295,4.309999942779541,1.2200000286102295,5.829999923706055,1.2200000286102295,7.920000076293945,1.2200000286102295,7.920000076293945,6742680.0,5404746.0,1120152.380952381,23505704.266651276,0.114898736753223,0.3015714032309396,0.0957369505081754,4.657373411017371,2.0227386515400925,-3.095258918983342,-10.909847720416042,3.0,2.400000095367432,13348100.0,False,False,False,0.9444444975898753,2.0415071029954475,0.185547617043599,1.2204528637258123,-0.3737574624301156,0.6341749934751767,6.019431029791864,99.0,99.0,99.0,85.0,85.0,19.0,19.0,99.0,98.0,98.0,97.0,100.0,SER
2026-03-23,10.350000381469728,10.489999771118164,9.460000038146973,9.510000228881836,3478200.0,0.1442786394879154,10.92962808599898,11.70228265394382,12.507000045776367,12.548666699727375,12.796300067901612,11.391200022697449,8.674875004291534,8.925000190734863,16.8799991607666,8.925000190734863,16.8799991607666,5.289999961853027,16.8799991607666,4.614999771118164,16.8799991607666,4.614999771118164,16.8799991607666,4.25,16.8799991607666,3374102.5,4044154.0,3569342.8571428573,49182270.93428612,0.0909470316835752,1.005857058933803,0.0971842533198987,-1.9671131509086757,1.297401349013812,10.02475324920104,6.6335186809392725,9.960000038146973,8.925000190734863,2970200.0,False,False,False,-0.1700080064283918,0.8714234591967162,-0.1085270725639391,0.9177199393614588,0.7079208711547431,1.7295546730563771,0.9453007556412945,36.0,16.0,16.0,35.0,35.0,95.0,95.0,76.0,66.0,95.0,96.0,7.6923076923076925,SGML
2026-03-23,2.509999990463257,2.595000028610229,2.1700000762939453,2.359999895095825,10735100.0,0.086580109367043,2.2523717509787704,2.223502366183298,2.125599980354309,2.147666649023692,2.5873999857902525,2.0195699924230577,1.6941149958968162,1.7999999523162842,2.630000114440918,1.7649999856948853,5.389999866485596,0.628000020980835,5.389999866485596,0.628000020980835,5.389999866485596,0.628000020980835,5.389999866485596,0.628000020980835,5.389999866485596,8291037.5,14413078.0,10700687.301587302,11905170.596916676,0.1127473577474273,0.2348571249416896,0.0935685760294936,-0.3197034646694569,0.8515817765093219,7.483943400061532,2.978472158739017,2.4649999141693115,2.2100000381469727,9240200.0,False,False,False,0.2125604209712066,1.273088902919148,1.9356724379763144,3.022105381835008,1.3240739728933542,2.3535124303672794,0.7748135485437592,23.0,94.0,94.0,99.0,99.0,98.0,98.0,93.0,88.0,99.0,99.0,100.0,SIDU
2026-03-23,29.239999771118164,29.334999084472656,27.38500022888184,27.780000686645508,1695900.0,0.0617283514552224,28.154071455057924,28.43097595218832,28.588000030517577,28.73566665649414,29.91179988861084,24.015049905776976,18.170949940681457,26.5,31.5,17.25200080871582,36.26800155639648,12.800000190734863,36.26800155639648,12.800000190734863,36.26800155639648,9.539999961853027,36.26800155639648,5.670000076293945,36.26800155639648,1918525.0,2030598.0,1492998.015873016,31617411.36363983,0.040019745007837,1.075356892177037,0.0367769117850411,-0.6106920560913905,1.5808694471183509,12.012706723447796,8.101822628119193,27.790000915527344,27.0,1842100.0,False,False,False,0.0390902773748591,1.0909594923093116,0.8636074284970658,1.9184763144661587,1.124999948019206,2.151916785147233,1.2850151035720978,70.0,81.0,81.0,98.0,98.0,97.0,97.0,64.0,95.0,97.0,96.0,96.15384615384616,SKYT
2026-03-23,5.480000019073486,5.5,4.840000152587891,4.840000152587891,9941300.0,0.1512604528510253,5.18867428710529,5.05219607475337,4.977600030899048,4.760666688283284,4.473600034713745,3.323800007104873,2.561800003647804,3.4600000381469727,6.139999866485596,2.5999999046325684,6.139999866485596,1.3899999856948853,6.139999866485596,1.3899999856948853,6.139999866485596,1.3899999856948853,6.139999866485596,0.949999988079071,6.139999866485596,6890550.0,7427616.0,4603838.095238095,43385366.87539816,0.1094908750007797,0.5357142175946917,0.0977580685638876,2.301234391022061,1.3439997792561569,18.05205679606548,13.934964184323489,5.599999904632568,4.75,29521900.0,True,False,False,0.3204819019620526,1.386397598683768,1.341880435931067,2.41083077849113,2.361963211720599,3.4045483497977336,1.4966968554187707,82.0,97.0,97.0,99.0,99.0,99.0,99.0,96.0,97.0,99.0,99.0,92.3076923076923,SLS
2026-03-23,702.489990234375,748.780029296875,678.8400268554688,716.0,22925100.0,-0.0101732137277884,693.3932530243874,659.8464608950538,642.7376049804687,634.9890055338542,581.26740234375,408.1012016296387,239.7742258834839,517.0,777.5999755859375,235.2400054931641,777.5999755859375,183.0,777.5999755859375,112.0,777.5999755859375,43.20199966430664,777.5999755859375,27.88500022888184,777.5999755859375,20845465.0,20004248.0,8923750.793650793,12674162348.957214,0.0796748234998485,53.422864641462056,0.0760478659968355,2.7423352823534355,-0.1351487193121745,22.601825631500983,21.52325968420412,777.5999755859375,698.3499755859375,23508600.0,False,False,True,0.0808037630945239,1.1347552280543782,2.200993204881672,3.295237801925448,5.873006521150576,6.960065157214131,2.335953287134761,94.0,86.0,86.0,99.0,99.0,99.0,99.0,91.0,99.0,99.0,99.0,84.61538461538461,SNDK
2026-03-23,15.8100004196167,16.06999969482422,14.979999542236328,15.380000114440918,6650300.0,-0.0288697940543914,15.79665662663912,14.22398741676974,12.555200042724609,11.870333385467529,11.143600053787232,9.048000001907347,16.191050004959106,6.539999961853027,19.25,6.539999961853027,19.25,3.7200000286102295,19.25,3.7200000286102295,20.739999771118164,3.7200000286102295,29.0,3.7200000286102295,35.0,7022820.0,7054172.0,5338157.142857143,123692139.95552064,0.1582638287145301,2.116499900817871,0.1338709579154574,3.128024238685398,-0.2220648660778052,10.007700004147598,3.428301405923916,17.889999389648438,16.013999938964844,12547700.0,False,True,True,0.7664805314576673,1.854659547620908,0.9163636872262666,1.9727858387061663,-0.328947335399088,0.6795527190570205,1.315588846873319,72.0,99.0,99.0,98.0,98.0,22.0,22.0,99.0,98.0,99.0,99.0,69.23076923076923,SOC
2026-03-23,12.229999542236328,12.520000457763672,11.899999618530272,12.079999923706056,3656100.0,-0.0016326904296875,11.453019316335386,10.476514718446564,9.766800079345703,9.38466672897339,8.452800035476685,7.46780002117157,6.583500006198883,6.909999847412109,12.670000076293944,6.090000152587891,12.670000076293944,5.96999979019165,12.670000076293944,5.239999771118164,12.670000076293944,5.239999771118164,12.670000076293944,2.7799999713897705,12.670000076293944,2836727.5,2649518.0,1468182.142857143,34172359.27304268,0.042595381137366,0.5414285659790039,0.0442705303552284,10.093797885579695,-0.0369401598297779,18.0400385490878,12.120379755671562,12.59000015258789,12.06999969482422,4225300.0,False,False,False,0.3993134854134745,1.4691642900220572,0.985389585256938,2.04384401782246,0.8418674379747231,1.86519790717572,1.932135950434332,91.0,97.0,97.0,98.0,98.0,96.0,96.0,98.0,97.0,96.0,96.0,92.3076923076923,SSL
2026-03-23,1.0199999809265137,1.0199999809265137,0.8500000238418579,0.9800000190734864,724000.0,0.0,0.9510479458395672,0.8341500047107475,0.7280399906635284,0.6620666603247325,0.5481999945640564,0.5232499966025352,0.9465199966728688,0.3000000119209289,1.3799999952316284,0.2899999916553497,1.3799999952316284,0.2899999916553497,1.3799999952316284,0.2899999916553497,1.3799999952316284,0.2899999916553497,1.8899999856948853,0.2899999916553497,4.099999904632568,7257462.5,5815168.0,1761607.9365079366,14913255.732652249,0.3848128134627262,0.2793571352958679,0.2738795495291233,3.1423842705763576,0.0,4.104657150754892,-1.683878592253995,1.0390000343322754,0.9610000252723694,278200.0,False,True,True,1.6984127109273213,2.8331118337393946,1.7642276816740343,2.845612897862349,0.2333735838852109,1.2489964152675808,4.119794393289681,98.0,99.0,99.0,99.0,99.0,83.0,83.0,99.0,99.0,99.0,98.0,92.3076923076923,STAK
2026-03-23,6.840000152587891,6.994999885559082,6.480000019073486,6.880000114440918,10396000.0,0.0363636744580655,7.261518461852597,7.256972499914824,7.043199977874756,7.013666645685832,7.4761999988555905,6.245200002193451,4.092150006294251,5.75,8.53499984741211,5.75,9.779999732971191,2.5199999809265137,9.779999732971191,2.069999933242798,9.779999732971191,1.2899999618530271,9.779999732971191,0.9200000166893004,9.779999732971191,16838795.0,19203498.0,8822731.349206349,101937168.24060202,0.1055310027981799,0.6691429274422782,0.0978279111863923,-0.8698610171812173,0.3586681381699655,10.097323355091168,8.895266643741714,7.800000190734863,6.480000019073486,23158100.0,False,True,False,0.1014492931676223,1.1564313398393011,0.1362126535314662,1.1696653654974922,2.5076923001682503,3.5521233517675084,1.908569391214064,91.0,88.0,88.0,81.0,81.0,99.0,99.0,81.0,70.0,98.0,98.0,57.692307692307686,TE
2026-03-23,303.8052673339844,314.3712534078795,299.89673990781523,300.89636235421995,4243500.0,0.0450092003007667,298.7724085860643,298.96884676013246,307.29353881835937,308.1089202880859,281.9486782836914,234.68934005737304,173.07698810577392,262.9206973192305,344.78978943447333,193.24617523087468,344.78978943447333,151.28518035116662,344.78978943447333,131.54581477923682,344.78978943447333,106.02856973551292,344.78978943447333,65.50238473774172,344.78978943447333,3803827.5,3558748.0,3591467.8571428573,1076267492.872467,0.0550692064325568,18.84002472901439,0.062013489411633,1.25004645974674,0.6945364030048723,20.379421736286428,18.09853087364945,302.8856029910859,284.75243706679834,4996200.0,False,True,True,-0.0644297076893495,0.9822720059488036,0.5964667650891591,1.6434704159373246,1.53881404421857,2.570972559888313,1.0591289275873077,49.0,45.0,45.0,96.0,96.0,98.0,98.0,76.0,93.0,95.0,96.0,73.07692307692307,TER
2026-03-23,1.3200000524520874,1.3899999856948853,1.2200000286102295,1.2200000286102295,944200.0,-0.1372548515454744,1.7062262019012082,1.7039738431615572,1.7082800006866454,1.515166668097178,1.1788400024175645,0.9320400005578996,0.9678549975156784,0.4749999940395355,4.769999980926514,0.4099999964237213,4.769999980926514,0.4099999964237213,4.769999980926514,0.4099999964237213,4.769999980926514,0.4099999964237213,4.769999980926514,0.4099999964237213,6.269999980926514,7292930.0,5872872.0,2794937.068965517,42582665.83237559,0.2858935236000488,0.7348571249416896,0.5567099210159789,0.2150938425603684,-0.2857697255835227,6.923149944116061,2.347731657402025,1.5399999618530271,1.3200000524520874,965400.0,False,False,False,0.639751603383441,1.7216045763223122,1.2000000000000002,2.2647730564313937,0.5207374385782011,1.5400002352605529,2.609336031561996,95.0,98.0,98.0,99.0,99.0,92.0,92.0,99.0,99.0,98.0,98.0,46.15384615384615,TMDE
2026-03-23,18.959999084472656,19.905000686645508,18.93000030517578,19.040000915527344,3550900.0,-0.0236869716794086,17.984597264228306,16.48511231349156,15.081199951171875,14.692999935150146,13.581399974823,11.267099981307984,8.975599986314773,10.800000190734863,19.905000686645508,8.300000190734863,19.905000686645508,7.489999771118164,19.905000686645508,6.690000057220459,19.905000686645508,6.25,19.905000686645508,1.0299999713897705,19.905000686645508,3412055.0,3482730.0,2759213.095238095,70018708.18506241,0.0821009360456188,1.3028569902692522,0.0687160893027801,5.763233303359632,-0.3530709780558678,16.48588975305219,10.580078575803734,19.80500030517578,18.799999237060547,7616800.0,False,True,False,0.5540983099092938,1.6316756494544251,1.241134633449191,2.307118788032261,1.4947367529459594,2.526336952710172,1.2366043803896816,66.0,98.0,98.0,99.0,99.0,98.0,98.0,97.0,98.0,97.0,97.0,92.3076923076923,TNGX
2026-03-23,7.308333396911621,7.527086501635164,6.9802042139603175,7.049807560760356,2621200.0,0.0485020998861858,7.16015434873009,7.090549945814571,7.09583381652832,7.211525074640909,6.814734334945679,5.3443095707893375,4.889044619798661,6.144965778204133,8.686244024951934,4.027258886072687,8.686244024951934,2.832900094959293,8.686244024951934,2.781756972153195,8.686244024951934,2.781756972153195,8.686244024951934,2.781756972153195,8.686244024951934,4221972.5,4083634.0,3924309.9206349207,25240372.45232344,0.0814028923058118,0.5994396546780402,0.0820213887520995,0.8830763977216994,0.5639805396906123,15.304268307978251,11.3248604205956,7.437596495839507,6.801224737527583,3845300.0,False,False,True,0.0808823627936405,1.1348377512862002,0.6600994975298919,1.708976642273179,0.5492571156400037,1.5688811638617413,1.0758509356765888,50.0,87.0,87.0,97.0,97.0,93.0,93.0,80.0,96.0,97.0,97.0,80.76923076923077,TROX
2026-03-23,172.1300048828125,181.72000122070312,168.52999877929688,171.25,5474500.0,0.0519464630346218,146.8020421102876,137.99874334367524,130.89960083007813,131.77833455403646,130.9648001098633,119.0461001586914,87.54400007247925,108.43000030517578,181.72000122070312,108.43000030517578,181.72000122070312,87.30000305175781,181.72000122070312,70.83999633789062,181.72000122070312,46.77999877929688,181.72000122070312,28.63999938964844,181.72000122070312,2710542.5,2453228.0,1359418.253968254,413434951.9110489,0.0755980513859291,11.899285997663226,0.0691296442230647,4.546857818554178,0.7143285741404337,17.528575991297572,12.85230157905562,178.0800018310547,160.92999267578125,6709200.0,False,True,False,0.3398459036915888,1.4067282109086288,0.4751049899861339,1.5185354712400438,1.56833801110941,2.600870499403912,1.993898854960718,92.0,97.0,97.0,95.0,95.0,98.0,98.0,96.0,93.0,95.0,96.0,100.0,TSEM
2026-03-23,12.399999618530272,12.649999618530272,11.279999732971191,11.289999961853027,2060400.0,0.1324200762120786,11.30702200582632,10.740600170142198,10.02359992980957,9.76733331680298,9.935399980545045,10.218999996185303,15.233099999427797,7.420000076293945,14.390000343322754,6.869999885559082,14.390000343322754,6.869999885559082,16.799999237060547,6.869999885559082,21.770000457763672,6.869999885559082,21.770000457763672,5.630000114440918,31.940000534057617,1462715.0,1526882.0,2174632.936507937,23913524.92705822,0.1081619094327819,1.2799998692103796,0.1032257990796691,2.403105133647572,1.132812466738476,5.384746731150084,0.6444771324821748,11.9399995803833,10.630000114440918,2560900.0,False,False,False,0.5917842977216978,1.6712428430142234,0.700960176051681,1.7510403530839302,-0.2206159813039071,0.7892562790276683,0.672626159313513,17.0,98.0,98.0,97.0,97.0,30.0,30.0,97.0,96.0,94.0,91.0,96.15384615384616,TSSI
2026-03-23,1.9600000381469729,2.009999990463257,1.75,2.0,1050000.0,-0.1009174412262676,2.639782440897883,2.4602929341071555,2.1644400262832644,1.9192666888237,1.5257800102233887,1.5335900008678436,2.3917250019311904,0.6259999871253967,6.5,0.5699999928474426,6.5,0.5699999928474426,6.5,0.5699999928474426,6.5,0.5699999928474426,20.450000762939453,0.5699999928474426,20.450000762939453,7249140.0,5809506.0,1922139.6825396824,37408338.473842144,0.4365992833319658,1.29507144008364,0.6607507218765308,0.4307053673868258,-0.1698748206477483,1.823609006023108,-3.7756262520453383,2.470000028610229,1.6699999570846558,1863200.0,True,True,True,1.873900427554092,3.01735953040858,1.2897196541510143,2.3571342634102845,-0.7747126343543531,0.2281410237521982,3.7713908441980992,97.0,99.0,99.0,99.0,99.0,4.0,4.0,99.0,99.0,99.0,98.0,50.0,TURB
2026-03-23,8.9399995803833,9.270000457763672,8.25,8.470000267028809,15998500.0,0.0955882043574503,9.348389363062152,9.302004793649653,9.14879991531372,8.93999989827474,8.866799898147583,7.647799935340881,6.480299967527389,6.880000114440918,11.489999771118164,4.869999885559082,11.970000267028809,4.360000133514404,11.970000267028809,4.360000133514404,19.709999084472656,3.930000066757202,19.709999084472656,1.690000057220459,19.709999084472656,14448817.5,15213054.0,10021474.603174604,140725460.62085629,0.1218694762959711,1.2257143429347448,0.1371045190677953,0.0602130350486281,0.636363388800385,6.242380345335661,3.751469037921321,10.0,8.039999961853027,29706500.0,True,False,True,0.2097428608797562,1.2701306961166694,0.9910913220730376,2.0497136268751714,0.3775038360044542,1.394952328853372,1.4417855726963478,79.0,94.0,94.0,98.0,98.0,89.0,89.0,89.0,96.0,96.0,94.0,50.0,UAMY
2026-03-23,61.119998931884766,62.959999084472656,59.5099983215332,60.47999954223633,964500.0,0.059823146739707,58.64222172504772,57.49770256130008,58.75200012207032,57.92300008138021,52.0984001159668,39.167099990844726,31.9818000125885,48.2400016784668,73.80000305175781,25.290000915527344,73.80000305175781,21.489999771118164,73.80000305175781,21.489999771118164,73.80000305175781,21.489999771118164,73.80000305175781,16.65999984741211,73.80000305175781,1572990.0,1519536.0,715236.9047619047,120521695.91966628,0.0904113576415808,4.704999923706055,0.0769797121388949,2.24948364980928,0.7332626607615206,19.35171189840025,16.14845224156946,63.75,57.36000061035156,1619900.0,True,True,False,0.0333051116684073,1.0848855432218647,1.4205940171043472,2.491861868407708,1.2072949712192875,2.2352542186014834,2.199257322332427,94.0,80.0,80.0,99.0,99.0,97.0,97.0,87.0,98.0,98.0,98.0,88.46153846153845,UCTT
2026-03-23,6.150000095367432,7.230000019073486,3.059999942779541,3.5799999237060547,163122800.0,1.8211008747883624,3.1446734240920087,2.999813522070703,2.6864000129699708,2.8390000184377038,3.6559000158309938,5.470200011730194,7.888100038766861,2.0199999809265137,7.230000019073486,2.0199999809265137,9.5,2.0199999809265137,12.5,2.0199999809265137,19.5,2.0199999809265137,19.75,2.0199999809265137,19.75,4215074.6,3376751.6,823991.746031746,50354289.7275579,0.1805181565564846,0.6671428680419922,0.1084785134466138,6.2889166846706965,5.950749410335216,0.5525827222100563,-7.632367106089222,2.369999885559082,2.150000095367432,82900.0,False,False,False,1.4117647883801323,2.532155045996511,-0.2991452578094247,0.7214895166297207,-0.5296366971256511,0.476321275921017,5.115433037162492,99.0,99.0,99.0,15.0,15.0,11.0,11.0,99.0,99.0,98.0,98.0,100.0,UGRO
2026-03-23,15.989999771118164,16.364999771118164,14.489999771118164,15.229999542236328,5762900.0,0.075319427987808,17.727946140633975,17.065960592443552,16.125600090026854,15.51733341217041,15.50060007095337,13.322300033569336,12.084650008678436,11.390000343322754,23.3799991607666,11.020000457763672,23.3799991607666,7.244999885559082,23.3799991607666,7.244999885559082,23.3799991607666,7.244999885559082,23.3799991607666,4.449999809265137,23.3799991607666,3939247.5,4258348.0,3496819.047619048,94258683.83687972,0.1283779133355302,2.499356951032366,0.1563075038654355,0.2019925537807148,0.4481152182350196,8.265096441399386,5.942010555132536,17.079999923706055,14.720000267028809,14658800.0,False,False,True,0.189732162972444,1.2491211059924412,0.8047404504206124,1.8578761572565727,0.220610634007035,1.2360718003298532,1.1265231189707108,56.0,93.0,93.0,98.0,98.0,82.0,82.0,93.0,89.0,96.0,95.0,61.53846153846154,UMAC
2026-03-23,95.41000366210938,96.94000244140624,91.83000183105467,91.83000183105467,1452800.0,0.0312365664062046,93.61902628200733,91.35818066331804,92.99039947509766,92.0553326924642,77.81939956665039,66.2076997756958,57.269449920654296,74.08999633789062,102.19499969482422,49.0,102.19499969482422,48.084999084472656,102.19499969482422,46.70000076293945,102.19499969482422,43.52999877929688,102.19499969482422,27.149999618530277,102.19499969482422,1949862.5,1761022.0,1462312.3015873015,104869704.96730804,0.0514335774168968,4.893930162702288,0.0512936796442639,4.406857664007878,0.5905288639115336,13.461800169821808,11.332017981711438,96.37000274658205,91.5500030517578,1215300.0,False,False,True,-0.0035508755915469,1.046189782107383,0.9459515814305232,2.003244868519959,0.8956884599841075,1.9197006664646,1.3334104471961807,73.0,69.0,69.0,98.0,98.0,96.0,96.0,88.0,97.0,95.0,94.0,100.0,VAL
2026-03-23,13.210000038146973,13.470000267028809,11.869999885559082,12.119999885559082,1632100.0,0.1276141584367653,13.19627928460048,12.92015855348661,11.901400108337402,11.985833422342935,13.723800010681153,11.159849987030029,8.407039994001389,8.300000190734863,16.5,8.300000190734863,23.84000015258789,4.019999980926514,23.84000015258789,2.950000047683716,23.84000015258789,2.809999942779541,23.84000015258789,1.4249999523162842,23.84000015258789,2241067.5,2173354.0,878447.1031746032,23298322.282423973,0.1427053256278521,1.8453570093427385,0.1396939442856803,-0.2680045184378932,0.810141277807028,12.06866222338402,10.32540449842273,12.989999771118164,11.5600004196167,1722800.0,False,False,True,0.4596684817389287,1.532532081621356,0.1537118129432346,1.1876797403820245,3.1281249504070736,4.180414865537578,2.5511695489700505,95.0,98.0,98.0,83.0,83.0,99.0,99.0,96.0,93.0,98.0,99.0,76.92307692307693,VELO
2026-03-23,15.800000190734863,16.309999465942383,15.050000190734863,15.239999771118164,53224100.0,-0.0006325255291851,13.885134553660276,12.66061199983036,11.63472454071045,11.317705154418944,10.359911918640137,8.7863445186615,11.365197424888612,8.538251858695919,16.809999465942383,6.630875922082008,16.809999465942383,5.712140235130581,16.809999465942383,5.712140235130581,16.809999465942383,5.712140235130581,16.809999465942383,5.712140235130581,19.39552146724227,22039470.0,20464314.0,10664229.76190476,445037928.4242153,0.095227102090162,1.3328670550601085,0.0843586733525296,6.22472460997669,-0.0075027954542585,11.857574649836693,3.970116899178556,15.93000030517578,14.460000038146973,68126200.0,False,False,False,0.632790531737287,1.714296022528312,1.6108483322168183,2.6877177078334045,0.1974034902240782,1.2125706975235115,2.066672464122105,93.0,98.0,98.0,99.0,99.0,81.0,81.0,98.0,98.0,98.0,97.0,96.15384615384616,VG
2026-03-23,33.61000061035156,33.849998474121094,31.63999938964844,32.33000183105469,5260600.0,0.0690203574883301,31.794280761528032,30.619942101060204,30.25079986572265,29.696999931335448,26.288999977111818,21.91360001564026,16.523649988174437,25.549999237060547,35.61000061035156,16.979999542236328,35.61000061035156,15.510000228881836,35.61000061035156,12.229999542236328,35.61000061035156,10.449999809265137,35.61000061035156,8.100000381469727,35.61000061035156,6099375.0,5609800.0,3467609.126984127,205659374.92857933,0.0818210938084209,2.482142993382045,0.07385132247268,3.770839968291199,0.8742445870683746,22.980951913482357,20.76821724887817,34.59000015258789,30.56999969482422,10324800.0,True,False,False,0.2208499735583149,1.281792252646133,0.9316092728277026,1.988480289387826,1.7459151338922925,2.780696946708457,1.7589568998812708,89.0,94.0,94.0,98.0,98.0,98.0,98.0,90.0,97.0,96.0,97.0,92.3076923076923,VIAV
2026-03-23,294.7900085449219,316.92999267578125,283.1600036621094,298.6099853515625,8990500.0,0.0057659583971805,290.5981665569821,282.3441388008545,279.1889489746094,278.90099080403644,265.3788714599609,216.04064888000488,150.81818464279175,238.0,319.6199951171875,171.1780649684507,319.6199951171875,132.26029506000813,319.6199951171875,112.37581217962334,319.6199951171875,72.9613449343282,319.6199951171875,28.706093219213784,319.6199951171875,10531065.0,9976346.0,8581272.222222222,2601898306.691284,0.0691851800492739,20.88495823184338,0.0708468999167616,1.5643164819804525,0.0809195988158356,17.64164736516745,14.773042011161682,312.989990234375,291.17999267578125,12877100.0,False,True,True,0.0329613301391025,1.0845246008371248,0.6852243481489131,1.7348412262408257,1.7681538250580409,2.8032173297531187,1.227214884609832,65.0,80.0,80.0,97.0,97.0,98.0,98.0,85.0,95.0,97.0,97.0,84.61538461538461,WDC
2026-03-23,2.8536159992218018,2.983325936311446,2.723906300018555,2.943415259633524,10161400.0,-0.0774193558333068,3.00369394424306,2.9005061113869,2.840126276016236,2.7708468119303387,2.456470549106598,2.1199039721488955,1.980717856287956,2.0982724960014627,4.017545610158136,1.4916629791259766,4.017545610158136,1.4916629791259766,4.017545610158136,1.4916629791259766,4.017545610158136,1.4916629791259766,4.017545610158136,1.0646626267053532,4.017545610158136,6737565.0,5777574.0,2558103.571428572,31371650.26696682,0.1197381468881064,0.4200175266715223,0.1471878230238629,1.0984142230143157,-0.5701292631456703,8.473270539203828,5.378142064405258,3.2926339025218643,2.973348252756805,10571500.0,False,False,True,0.0747434416173269,1.1283923879951896,0.6683518476030323,1.7174719604994917,0.6389266497140627,1.6596865192548864,2.633812436389122,96.0,86.0,86.0,97.0,97.0,94.0,94.0,91.0,97.0,95.0,93.0,57.692307692307686,WTI
2026-03-23,53.459999084472656,53.5,49.20000076293945,49.20000076293945,2891600.0,0.1109725742127885,48.12459783284208,45.58316798877809,43.8556413269043,41.956099065144855,38.65164089202881,36.7781609916687,33.96633423805237,31.52947308706973,53.5,30.745453759643013,53.5,30.745453759643013,53.5,29.108561573550727,53.5,29.108561573550727,53.5,22.559372773626844,53.5,1801530.0,1709022.0,1714431.746031746,104489308.68516922,0.0602583467205879,2.208976296942326,0.0413201708711573,9.272073510460944,2.4174094398294543,14.502408474585252,7.254161746135059,48.63999938964844,47.16299819946289,2263900.0,False,False,False,0.5718652828993835,1.6503295126029771,0.404270643855189,1.4456155991549078,0.4244934659722732,1.4425371645847156,1.0508029871529465,47.0,98.0,98.0,93.0,93.0,90.0,90.0,97.0,95.0,93.0,92.0,100.0,YOU
2026-03-23,43.34000015258789,43.5,41.59999847412109,41.83000183105469,764300.0,0.0255561257441976,41.376963037519474,39.31806336933675,36.53519989013672,35.6849999109904,36.32079998016357,35.04350017547608,35.01670006752014,22.450000762939453,50.54999923706055,22.450000762939453,50.54999923706055,22.450000762939453,50.54999923706055,22.450000762939453,50.54999923706055,22.450000762939453,50.54999923706055,22.450000762939453,50.54999923706055,1285590.0,1155804.0,706676.1904761905,76866745.5623436,0.0685343613888356,2.0742860521589006,0.0478607763003213,4.037871404381921,0.5206619549558413,4.234649809746828,-0.9900411811579586,42.720001220703125,41.52000045776367,2977400.0,False,False,False,0.3806945203981187,1.449615905187012,0.2042233434659348,1.2396784464578985,0.1315927158204861,1.1459263146779324,1.819206614466112,90.0,97.0,97.0,86.0,86.0,76.0,76.0,98.0,97.0,95.0,93.0,100.0,ZD
