date,close,high,low,open,volume,price_chg_pct0,ema10,ema20,sma25,sma30,sma50,sma100,sma200,min30,max30,min60,max60,min90,max90,min120,max120,min150,max150,min252,max252,vol_sma40,vol_sma50,vol_sma252,avg_dollar_vol,adr_pct,atr14,inside_day,tight_day,close_to_ma,perf_1mo,rela_perf_1mo,perf_3mo,rela_perf_3mo,perf_6mo,rela_perf_6mo,vol_ratio,vol_ratio_rank,perf_1mo_rank,rela_perf_1mo_rank,perf_3mo_rank,rela_perf_3mo_rank,perf_6mo_rank,rela_perf_6mo_rank,c0_c30_rank,c0_c60_rank,c0_c90_rank,c0_c120_rank,rs_sts_pct,ticker
2026-03-27,98.20999908447266,101.5,94.18000030517578,100.6999969482422,7528560.0,0.0081092273699012,100.41167382293474,94.57933059396036,93.75440017700195,85.81100006103516,68.03940017700195,48.95575010299682,37.736300091743466,41.119998931884766,128.9600067138672,31.670000076293945,128.9600067138672,18.5,128.9600067138672,18.5,128.9600067138672,18.5,128.9600067138672,9.711000442504885,128.9600067138672,9880031.5,8932049.2,5698866.111111111,1375734852.3307648,0.1348733531681158,13.850357055664062,False,True,True,0.8292047233470492,0.951799604904504,1.3953658313286017,1.2483963765707773,2.7285496778869067,1.8981688799930188,1.7336837376714025,89.0,99.0,99.0,99.0,99.0,99.0,99.0,99,99,99,99,73.07692307692307,AAOI
2026-03-27,6.630000114440918,6.820000171661377,6.53000020980835,6.699999809265137,1562954.0,-0.0119224922878163,6.459406346110882,6.185223448174989,5.882800025939941,5.813666677474975,5.533600006103516,4.796899998188019,5.217199994325638,4.840000152587891,7.46999979019165,3.839999914169312,7.46999979019165,3.0799999237060547,7.46999979019165,3.0799999237060547,7.46999979019165,3.0799999237060547,7.46999979019165,3.0799999237060547,10.699999809265137,1494331.35,1404051.08,1277227.992063492,11401247.318028737,0.0850167053459491,0.5903571333203997,False,True,True,0.3207171592891631,0.6872156267461851,0.7539682975191411,0.9141182689528522,0.787062007080839,0.9097761278538614,1.1699801126232408,61.0,97.0,97.0,97.0,97.0,96.0,96.0,93,95,96,95,96.15384615384616,ACDC
2026-03-27,22.90999984741211,24.0,22.530000686645508,23.809999465942383,3273415.0,-0.0394130196655237,23.33256929328893,22.683420170993955,23.026399993896483,21.981000073750813,18.72840000152588,17.088799982070924,19.890150017738343,15.850000381469728,25.75,11.43000030517578,25.75,11.43000030517578,25.75,11.43000030517578,27.5,11.43000030517578,27.5,11.43000030517578,31.040000915527344,3832640.375,3941870.3,2919552.837301587,76486972.02580166,0.0566825450704175,1.252857072012765,False,False,True,0.0278151146890655,0.5348083828943434,0.6020978700584749,0.8349677321661638,-0.0361800838784027,0.4906714751716362,1.31274910528502,72.0,85.0,85.0,96.0,96.0,51.0,51.0,95,97,96,94,73.07692307692307,ACHC
2026-03-27,14.050000190734863,14.470000267028809,13.779999732971191,13.90999984741211,1995433.0,0.0144404190437945,13.350365775857508,12.227754769107618,11.202399978637697,10.809666601816811,9.991799983978272,8.953299994468688,8.78670000553131,8.520000457763672,14.949999809265137,7.53000020980835,14.949999809265137,6.889999866485596,14.949999809265137,6.889999866485596,14.949999809265137,6.889999866485596,14.949999809265137,6.889999866485596,14.949999809265137,1377785.825,1222526.66,838729.8928571428,29489597.12966771,0.0704957253890534,1.0014286041259766,False,True,False,0.5911665132651454,0.8279399453396813,0.7695214218491229,0.922224113915638,0.7410161985193113,0.8863346483467031,1.642705043344237,87.0,99.0,99.0,97.0,97.0,95.0,95.0,97,96,96,95,92.3076923076923,AGRO
2026-03-27,2.180000066757202,2.6600000858306885,2.1600000858306885,2.619999885559082,7098975.0,-0.2781456687001719,2.0854485168795773,1.8474223769244005,1.6184000062942503,1.4686666707197824,1.2403999996185302,1.3340000021457672,2.0523000031709677,0.6200000047683716,3.150000095367432,0.6200000047683716,3.150000095367432,0.6200000047683716,3.150000095367432,0.6200000047683716,3.150000095367432,0.6200000047683716,3.630000114440918,0.6200000047683716,4.510000228881836,15499931.875,12412197.5,3357412.2023809524,62516182.78846532,0.2931272847154473,0.5921428544180733,True,False,True,2.159420397521518,1.6439576432898144,0.9818181995517948,1.032867141621626,-0.2456747447663205,0.3840197526049407,4.616630589478415,98.0,99.0,99.0,98.0,98.0,29.0,29.0,99,99,99,98,88.46153846153845,AIFF
2026-03-27,2.869999885559082,3.180000066757202,2.744999885559082,3.180000066757202,1963979.0,-0.116923112135667,2.7808073363931056,2.547502110207822,2.256399998664856,2.191333329677582,2.332699999809265,3.02799999833107,4.925599988102913,1.5099999904632568,3.490000009536743,1.5099999904632568,3.490000009536743,1.5099999904632568,5.5,1.5099999904632568,12.0,1.5099999904632568,12.0,1.5099999904632568,12.0,3247586.975,3012831.58,1274107.853174603,15917383.677648995,0.1792043000270211,0.502428582736424,False,False,True,0.6494252125453663,0.8582539972603991,0.3225805459235917,0.6892912721971237,-0.607387153485011,0.1998754345583999,2.5489105705676494,95.0,99.0,99.0,92.0,92.0,9.0,9.0,98,97,95,93,92.3076923076923,AIRS
2026-03-27,1.7699999809265137,1.840000033378601,1.7549999952316284,1.809999942779541,2547595.0,-0.0380435060773088,2.295489107958012,3.065587820017039,3.844800028800965,4.05333335796992,4.519000012874603,4.695800005197525,4.844250007271767,1.0700000524520874,5.739999771118164,1.0700000524520874,5.929999828338623,1.0700000524520874,5.929999828338623,1.0700000524520874,5.929999828338623,1.0700000524520874,6.175000190734863,1.0700000524520874,6.730000019073486,3790244.875,3222287.9,1637636.488095238,13604351.740101697,0.1618617983654651,0.5929285117558071,True,True,False,-0.6781818216497248,0.1674533260795459,-0.6647727442058643,0.1747108879936903,-0.6424242324992568,0.1820383936775636,2.3144604450090727,95.0,0.0,0.0,2.0,2.0,8.0,8.0,97,94,91,89,15.384615384615383,ALDX
2026-03-27,2.259999990463257,2.505000114440918,2.255000114440918,2.390000104904175,6274214.0,-0.0622407012552984,2.3153067977371675,2.309049063411017,2.409600009918213,2.3550000111262004,2.0760000133514405,1.7263000047206878,1.474650001525879,1.6299999952316284,2.799999952316284,1.2999999523162842,2.799999952316284,1.2000000476837158,2.799999952316284,1.0399999618530271,2.799999952316284,1.0399999618530271,2.799999952316284,0.8600000143051147,2.799999952316284,6054567.85,6081334.28,3901828.23015873,13077303.64124391,0.0957983735273546,0.2457143238612583,False,False,True,-0.172161181438284,0.4307536769257292,0.6142857349648772,0.841319699864913,0.8833332505491078,0.9587868945531705,1.5517258815244397,84.0,23.0,23.0,97.0,97.0,97.0,97.0,93,95,95,96,46.15384615384615,ALLO
2026-03-27,14.90999984741211,15.399999618530272,14.400400161743164,14.460000038146973,5382352.0,0.0156675434233632,16.44106561180105,16.9659965657611,18.112800102233887,17.46733341217041,15.224400062561037,11.393400044441224,8.47513627409935,12.5600004196167,22.549999237060547,8.279999732971191,22.549999237060547,5.434999942779541,22.549999237060547,5.434999942779541,22.549999237060547,3.9700000286102295,22.549999237060547,2.9542500972747803,22.549999237060547,5757236.3,5997881.04,2266241.1428571427,131272778.37592772,0.1043486858376225,1.9624712807791571,True,False,False,-0.164237683862954,0.4348765516184325,0.5794492065863741,0.8231638945047328,1.6389379815474996,1.343458015998303,2.540434109647139,95.0,25.0,25.0,96.0,96.0,98.0,98.0,83,96,98,98,19.230769230769237,ALM
2026-03-27,24.799999237060547,26.2549991607666,24.25,26.100000381469727,1512925.0,-0.0577507779402663,25.170394524415883,25.700340243937084,26.71279983520508,26.854166539510093,26.520899963378906,18.255149989128117,11.16422499537468,22.07900047302246,30.600000381469727,7.849999904632568,30.600000381469727,5.440000057220459,30.600000381469727,3.964999914169312,30.600000381469727,3.759999990463257,30.600000381469727,2.759999990463257,30.600000381469727,1384493.125,1517502.5,1358838.988095238,37043284.61493015,0.0659420847487741,1.7238571984427316,False,False,True,-0.1727818673872262,0.4304307121785728,1.1754386023617998,1.1337765752191304,5.215538641048759,3.16427110809457,1.018879453069508,46.0,23.0,23.0,99.0,99.0,99.0,99.0,75,99,99,99,34.61538461538461,ALMS
2026-03-27,4.510000228881836,4.590000152587891,4.369999885559082,4.449999809265137,1603586.0,0.0180587818607693,4.351768645591297,4.080130080251041,3.797999982833862,3.5866666555404665,3.228799991607666,2.79599999666214,1.9578499916195868,2.25,4.889999866485596,2.25,4.889999866485596,1.870000004768372,4.889999866485596,0.9900000095367432,4.889999866485596,0.9200000166893004,4.889999866485596,0.7599999904632568,4.889999866485596,1860414.65,1663131.72,953309.0714285716,12606673.275351906,0.0925207211784437,0.2992857183728899,False,True,False,0.9110171310828435,0.9943694804167058,0.4642858248694737,0.7631440233983334,3.214953278316578,2.145792287809704,1.951533564253296,92.0,99.0,99.0,95.0,95.0,99.0,99.0,98,97,97,99,96.15384615384616,ALTO
2026-03-27,16.1200008392334,17.079999923706055,15.899999618530272,17.079999923706055,6347210.0,-0.0606060033465298,17.49431131374163,16.640993079433912,15.751200180053711,14.776666863759358,13.577600059509278,12.04360002040863,10.244750019311905,9.229999542236328,19.76000022888184,7.710000038146973,19.76000022888184,7.710000038146973,19.76000022888184,7.710000038146973,19.76000022888184,6.659999847412109,19.76000022888184,1.9700000286102293,19.76000022888184,9274257.75,9336958.2,7296943.69047619,178922994.73842907,0.0921859412720145,1.3447858265468051,False,False,True,0.3993055728022692,0.7281079445808873,0.889800860945448,0.9849103282633364,0.4561880111677248,0.7413313499912931,1.270978390871312,69.0,98.0,98.0,98.0,98.0,91.0,91.0,98,97,96,95,46.15384615384615,AMPX
2026-03-27,8.510000228881836,8.699999809265137,6.920000076293945,7.670000076293945,5720875.0,0.195224770458491,6.200405428233365,5.1132881492722575,4.287399997711182,3.981833330790202,3.465319991111756,3.235879993438721,4.044720002412796,2.309999942779541,8.949999809265137,2.309999942779541,8.949999809265137,2.309999942779541,8.949999809265137,2.309999942779541,8.949999809265137,2.309999942779541,8.949999809265137,2.309999942779541,18.299999237060547,5407196.875,4330883.5,870817.7579365079,75592454.65590715,0.2900222314570067,1.4318570750100272,True,False,False,1.5402986481025651,1.321806804204679,2.061151192971969,1.5953847247298707,1.0070756340247624,1.0217829551508577,6.20933234964444,99.0,99.0,99.0,99.0,99.0,97.0,97.0,99,99,99,99,100.0,ANNA
2026-03-27,44.38999938964844,44.53499984741211,43.209999084472656,43.25,11105262.0,0.037149536937634,39.7245469872548,36.74397765701828,34.49360023498535,33.47833353678386,30.64206729888916,27.55162908554077,24.241163320541386,26.770000457763672,44.53499984741211,23.03099137852301,44.53499984741211,22.84277995514176,44.53499984741211,21.42413369877148,44.53499984741211,20.287781748591478,44.53499984741211,12.91265356548044,44.53499984741211,8800044.05,8332449.24,7596624.849206349,378076733.4681252,0.0421646847183434,1.5953573499407088,False,False,False,0.5254295122935828,0.7937346698154341,0.8395779106577559,0.9587355584892042,0.8617016902479688,0.947774474675052,1.1584149835856878,61.0,98.0,98.0,98.0,98.0,96.0,96.0,97,97,95,95,100.0,APA
2026-03-27,10.539999961853027,19.909900665283203,7.450099945068359,7.989999771118164,80834413.0,2.3040751638847428,6.238020314041025,5.511108322144761,4.74479998588562,4.578999988238016,4.665719995498657,4.927410004138946,15.00022502541542,2.9549999237060547,19.909900665283203,2.9549999237060547,19.909900665283203,2.9549999237060547,19.909900665283203,2.9549999237060547,19.909900665283203,2.9549999237060547,28.979999542236328,2.9549999237060547,85.80000305175781,4008072.0,3209286.28,755294.119047619,70922289.01708086,0.3085756754602613,2.646564415522984,False,False,False,1.8333333012878252,1.4742830489711554,1.2236287913082844,1.1588919277386591,-0.3681055294356031,0.3216914143798579,5.306637373337344,99.0,99.0,99.0,99.0,99.0,21.0,21.0,99,99,99,98,100.0,ARTL
2026-03-27,3.200000047683716,3.440000057220459,2.1700000762939453,2.190000057220459,2470706.0,0.4349775875846144,2.673724649094281,2.774505510705758,2.621600012779236,2.5390000144640603,3.0060000157356264,19.440000017881392,42.651250066161154,1.7209999561309814,6.300000190734863,1.7209999561309814,7.300000190734863,1.7209999561309814,73.5,1.7209999561309814,73.5,1.7209999561309814,73.5,1.7209999561309814,128.25,3008939.1,2647621.24,666157.753968254,26117434.61079464,0.2317253014270952,0.9549285684313092,False,False,True,0.7486338648308697,0.9098757511533532,-0.4234234346467633,0.3004952669811467,-0.9503875961599424,0.0252571989557651,4.51685667858096,98.0,99.0,99.0,9.0,9.0,1.0,1.0,98,96,94,93,80.76923076923077,ATPC
2026-03-27,70.06999969482422,70.30500030517578,66.11000061035156,66.41000366210938,774520.0,0.0573412289761356,70.15274143018104,72.45284912464915,77.2454754638672,76.06108423868815,72.34058006286621,57.825577659606935,45.88979349297992,59.29999923706055,89.4897080786332,48.26232615220011,89.4897080786332,33.7359989375231,89.4897080786332,28.8839694841878,89.4897080786332,26.94911124554324,89.4897080786332,21.813206300245096,89.4897080786332,1000230.5,1038492.4,626001.8079096045,69912927.06619263,0.0606502267743598,5.498281114342957,False,False,True,-0.213078578056682,0.4094629151875619,0.3640781893771185,0.7109186608181239,1.1471065529284794,1.093071352909447,1.5978076857957486,85.0,16.0,16.0,93.0,93.0,98.0,98.0,83,90,96,97,34.61538461538461,AUGO
2026-03-27,60.630001068115234,64.96990203857422,58.70009994506836,61.20000076293945,7894920.0,0.0362331705246659,57.71809199402074,51.089419105260426,47.07600021362305,43.37933349609375,34.40160011291504,24.06020005226135,13.700900021791458,22.59000015258789,70.87999725341797,14.619999885559082,70.87999725341797,8.4399995803833,70.87999725341797,4.0,70.87999725341797,2.5,70.87999725341797,1.1299999952316284,70.87999725341797,9317645.5,8636078.4,3297118.73015873,545805207.5802078,0.1634622954862781,7.746421813964844,True,True,True,0.6333513688772283,0.8498902106063626,3.039307138147315,2.1051717149704228,11.764210751182157,6.49813727017242,2.8259963509265043,96.0,99.0,99.0,99.0,99.0,99.0,99.0,99,99,99,99,88.46153846153845,AXTI
2026-03-27,6.269999980926514,6.629899978637695,5.670000076293945,6.159999847412109,16658785.0,0.1276978499017809,9.784685726376004,11.022825997540377,12.911200008392337,11.32066667874654,7.843800001144409,4.49685000538826,2.8958549988269806,2.325000047683716,29.700000762939453,1.100000023841858,29.700000762939453,1.059999942779541,29.700000762939453,1.0,29.700000762939453,1.0,29.700000762939453,1.0,29.700000762939453,16237577.125,18555587.7,4041390.01984127,382614570.62326086,0.3331767856232122,3.1949926785060336,True,True,False,0.510843334178618,0.7861449679140049,4.5000000522847765,2.866443215733373,4.224999776482591,2.6599972725348144,4.017819870213305,98.0,98.0,98.0,99.0,99.0,99.0,99.0,99,99,99,99,34.61538461538461,BATL
2026-03-27,3.920000076293945,4.139999866485596,3.849999904632568,4.090000152587891,3341681.0,-0.0554216900694125,4.033804808310679,3.928012900877746,3.8372000217437754,3.703666679064433,3.7994000148773193,3.492400000095367,2.692849999070168,2.819999933242798,4.960000038146973,2.819999933242798,5.03000020980835,1.899999976158142,5.03000020980835,1.899999976158142,5.03000020980835,1.3899999856948853,5.03000020980835,1.3200000524520874,5.03000020980835,6313469.525,6191069.62,4987202.305555556,18296223.38638463,0.0698308404216712,0.2567857163293021,False,False,True,-0.1605995691107549,0.4367695907843298,-0.00759492937408,0.5172132281659435,1.0,1.0181808177322045,1.26593411259195,69.0,26.0,26.0,60.0,60.0,97.0,97.0,93,88,96,95,76.92307692307693,BFLY
2026-03-27,4.0,5.079899787902832,3.7899999618530273,4.400000095367432,2795879.0,-0.1561181027111312,3.4752786042996373,2.7311520435666448,2.043679986000061,1.887066654364268,1.5944199895858764,1.5612099933624268,4.172154989242554,0.8999999761581421,5.380000114440918,0.6930000185966492,5.380000114440918,0.6930000185966492,5.380000114440918,0.6930000185966492,5.380000114440918,0.6930000185966492,13.5,0.6930000185966492,46.52999877929688,12961636.975,10382287.58,2930373.023809524,68863760.60294525,0.2585622624026551,0.977135683809008,False,False,False,2.846153987229933,2.0012893027899685,2.2520324698962626,1.6948666040114664,0.1730204983339716,0.5971734851051604,4.423203759277616,98.0,99.0,99.0,99.0,99.0,79.0,79.0,99,99,99,99,92.3076923076923,BIAF
2026-03-27,6.050000190734863,6.179900169372559,5.810200214385986,5.860000133514404,8504193.0,0.021959478507693,5.448006470946093,5.398770792268536,5.519200077056885,5.559000047047933,5.260800037384033,4.482900040149689,3.494350017309189,4.644999980926514,6.25,3.849999904632568,6.25,2.890000104904175,6.25,2.440000057220459,6.25,2.440000057220459,6.25,1.5499999523162842,6.25,8314527.325,7560945.86,5676205.924603174,45781856.86072373,0.06048174291457,0.3251928601946149,False,False,False,0.021959478507693,0.531761489272892,0.5277778112259508,0.7962342364555781,1.0302013932925655,1.0335560573918423,1.4648036796834978,81.0,84.0,84.0,96.0,96.0,97.0,97.0,91,93,96,97,100.0,BORR
2026-03-27,23.0,23.290000915527344,22.030000686645508,22.56999969482422,5572999.0,-0.013298990692613,20.551144504694136,19.92803205521132,19.2753999710083,18.926500034332275,19.95290002822876,25.35154995918274,26.674799971580505,15.260000228881836,23.32999992370605,15.260000228881836,35.18000030517578,15.260000228881836,37.32699966430664,15.260000228881836,37.32699966430664,15.260000228881836,37.32699966430664,15.260000228881836,43.88999938964844,3547279.975,3492815.98,2071892.853174603,66852349.06619797,0.0618901677701744,1.3592853546142578,True,False,False,0.1979166190657368,0.6233181831331767,-0.3580798541833908,0.3345504780957636,-0.2645883203665135,0.3743910326695185,1.712096245500714,88.0,95.0,95.0,14.0,14.0,28.0,28.0,96,92,87,84,100.0,BRZE
2026-03-27,14.859999656677246,14.948699951171877,13.9399995803833,14.199999809265137,2604028.0,0.0276624908350644,14.35409969783889,13.36726554852107,12.452000007629394,11.933666706085203,10.952800025939942,8.518600013256073,5.27749000698328,7.949999809265137,16.239999771118164,5.909999847412109,16.239999771118164,4.570000171661377,16.239999771118164,2.900000095367432,16.239999771118164,1.616000056266785,16.239999771118164,0.2240000069141388,16.239999771118164,4519940.7,4249250.56,3157962.8095238097,88004247.3895975,0.1352234550939608,1.7712643487112862,False,False,True,0.6169750092695281,0.8413690142605198,1.7775700787975648,1.4475903332557003,4.364620851624284,2.731077022765024,1.4312837017487117,79.0,99.0,99.0,99.0,99.0,99.0,99.0,98,98,99,99,92.3076923076923,BW
2026-03-27,1.7300000190734863,1.9900000095367432,1.6649999618530271,1.7400000095367432,16074382.0,-0.0114285605294364,1.3211279999645609,1.2489057897414226,1.1667999935150146,1.187166659037272,1.347499988079071,1.875649996995926,2.77157499730587,1.0,1.9900000095367432,1.0,2.2799999713897705,1.0,2.549999952316284,1.0,6.760000228881836,1.0,6.760000228881836,1.0,6.760000228881836,4966412.05,5041089.64,2615327.706349206,10226220.731941724,0.1253384102292882,0.1735714418547494,False,True,False,0.4661017762488006,0.7628643604364063,-0.1877934619136974,0.4232988906799425,-0.5564102623668019,0.2258272809004917,1.8989635746002649,91.0,98.0,98.0,29.0,29.0,11.0,11.0,97,95,93,91,100.0,BZAI
2026-03-27,28.899999618530277,30.45599937438965,28.3700008392334,29.6200008392334,890605.0,-0.0350584680354487,29.80977750575769,29.425213632171488,29.36120002746582,28.75666675567627,26.76180011749268,22.464300022125244,15.08020000219345,22.049999237060547,36.4900016784668,21.059999465942383,36.4900016784668,4.300000190734863,40.369998931884766,4.300000190734863,40.369998931884766,4.300000190734863,40.369998931884766,4.300000190734863,40.369998931884766,1382785.125,1362122.1,2169723.8293650798,50988387.40890646,0.0730480320813924,2.3854282924107144,False,False,True,0.0362137056645726,0.5391784654062752,-0.0262803463148714,0.507474921599777,3.432515291882484,2.256551022249704,0.6373092770081439,17.0,86.0,86.0,55.0,55.0,99.0,99.0,91,87,99,99,61.53846153846154,CAPR
2026-03-27,21.600000381469727,21.864999771118164,21.174999237060547,21.450000762939453,2094186.0,0.0009268052749944,19.849978465205723,19.04518177391213,18.343812026977535,18.59627456665039,17.84461664199829,15.087330350875854,14.437638745307922,15.479999542236328,21.864999771118164,11.620656051381529,21.864999771118164,10.38695536296492,21.864999771118164,10.38695536296492,21.864999771118164,10.38695536296492,21.864999771118164,8.965801881631306,21.864999771118164,3915117.15,3741053.72,3522631.293650794,67293723.09324321,0.0681932582653048,1.2270001002720423,False,True,False,0.2534818907589116,0.6522307498726738,0.8091922824383455,0.9428994353915064,0.4264277476625955,0.726180685275504,1.1114183755355334,56.0,96.0,96.0,98.0,98.0,90.0,90.0,94,96,96,95,100.0,CC
2026-03-27,136.4499969482422,136.5800018310547,131.14999389648438,133.0800018310547,3809186.0,0.0293451981087204,127.24421995488606,120.88958691281051,116.0036004638672,112.7000005086263,104.27233291625976,91.84264289855956,90.04018280029297,92.1500015258789,137.44000244140625,75.46712140428369,137.44000244140625,75.01951081785546,137.44000244140625,75.01951081785546,137.44000244140625,75.01951081785546,137.44000244140625,65.80983382931666,137.44000244140625,4818452.15,4331403.72,2945984.865079365,883881253.8139969,0.0585185920382136,7.918573651994977,False,False,False,0.4043844360357429,0.7307506558954191,0.7684469092378268,0.921664108578258,0.5382524835329217,0.7831095857810721,1.63559976397577,86.0,98.0,98.0,97.0,97.0,93.0,93.0,95,96,94,92,100.0,CF
2026-03-27,401.6099853515625,411.5,392.1400146484375,394.8200073242188,2477929.0,0.0351039858243764,394.14169737890313,372.3638554542266,360.1940002441406,352.5140004475912,314.77379943847654,264.4756993103028,189.1543994140625,270.0,446.8900146484375,216.07000732421875,446.8900146484375,168.22000122070312,446.8900146484375,147.36000061035156,446.8900146484375,87.25,446.8900146484375,49.209999084472656,446.8900146484375,3979775.725,3605940.58,2724573.9246031744,1263680707.856482,0.0762815399469325,30.128577096121653,True,True,True,0.1771895328894526,0.6125331506096924,0.6714249516891799,0.8710990305148568,1.9278267165748584,1.4905285002301922,1.4606965474719655,80.0,94.0,94.0,97.0,97.0,99.0,99.0,96,96,97,97,92.3076923076923,CIEN
2026-03-27,36.09999847412109,36.9900016784668,35.779998779296875,36.09999847412109,1488078.0,-0.0208842007070898,35.75111092518737,36.0346491688488,36.58440002441407,36.75966657002767,37.19580001831055,36.15049995422363,24.151374955177307,32.70000076293945,40.45000076293945,32.70000076293945,41.34999847412109,32.70000076293945,43.72999954223633,13.779999732971191,43.72999954223633,11.600000381469728,43.72999954223633,3.7200000286102295,43.72999954223633,1857591.95,1999395.56,2423725.706349206,75180283.25922851,0.0488412165211609,1.8792860848563055,True,True,True,-0.0851495359429369,0.4760288988555216,-0.0913667533334914,0.4735537419522455,1.716327959197952,1.3828565113625102,0.7664200388409633,23.0,47.0,47.0,43.0,43.0,99.0,99.0,71,59,50,97,84.61538461538461,COGT
2026-03-27,243.47999572753903,253.6000061035156,239.3939971923828,243.80999755859372,4800782.0,0.0007809710495687,255.02419824551825,253.1266545390912,257.56239929199216,252.693332417806,236.669599609375,203.17809951782223,152.70729984283446,204.57000732421875,300.20001220703125,167.5,300.20001220703125,130.4199981689453,300.20001220703125,108.19000244140624,300.20001220703125,85.94000244140625,300.20001220703125,45.58000183105469,300.20001220703125,8498659.55,7671881.64,4676909.055555556,2589456164.909294,0.0878858288395367,21.10757228306361,False,True,True,-0.0266251046548334,0.5064812204936116,0.2722997436376659,0.663086351610941,1.2846954717535215,1.1631165518495326,1.81715304895756,90.0,69.0,69.0,91.0,91.0,98.0,98.0,83,90,94,96,57.692307692307686,COHR
2026-03-27,93.66000366210938,97.73999786376952,90.8499984741211,97.73999786376952,13160764.0,-0.0469115003402444,108.84888367753956,106.2891813085031,105.050399017334,97.86699918111164,84.7219994354248,84.64629978179931,120.4227998161316,57.02000045776367,136.64999389648438,49.900001525878906,136.64999389648438,49.900001525878906,136.64999389648438,49.900001525878906,159.47000122070312,49.900001525878906,159.47000122070312,49.900001525878906,298.989990234375,19054579.1,17500507.28,17428063.54901961,2464441177.0014787,0.0915293414160189,10.342928205217634,False,False,False,0.0739594615909715,0.558818910851786,0.1333495202547316,0.5906694568192414,-0.2486763925021646,0.3824916425318278,1.093327382379891,54.0,90.0,90.0,83.0,83.0,29.0,29.0,97,96,95,93,34.61538461538461,CRCL
2026-03-27,13.699999809265137,14.020000457763672,13.609999656677246,13.75,5360668.0,0.0029282549267821,12.90978163070236,12.284777564020848,11.905392684936524,11.631632232666016,10.686585178375244,9.68930314540863,9.19905038356781,9.621403741547258,14.020000457763672,7.602096131743212,14.020000457763672,7.602096131743212,14.020000457763672,7.602096131743212,14.020000457763672,7.602096131743212,14.020000457763672,6.502148684765108,14.020000457763672,8620259.2,8062165.36,5292104.634920635,135516817.07538548,0.0429887006864826,0.512984948891648,False,True,False,0.2791490427946879,0.6655862725513897,0.6615118188265698,0.8659325883020266,0.4821060765819769,0.7545259885100531,1.6288905444382389,86.0,96.0,96.0,97.0,97.0,92.0,92.0,94,96,94,92,100.0,CRGY
2026-03-27,14.010000228881836,15.0600004196167,14.010000228881836,14.100000381469728,1089661.0,-0.0042643544594002,14.34209106959474,15.158186276261716,15.905400009155274,16.199166679382323,17.6753000164032,12.81805000782013,9.155049996376038,12.949999809265137,19.979999542236328,6.389999866485596,26.950000762939453,6.389999866485596,26.950000762939453,6.389999866485596,26.950000762939453,5.21999979019165,26.950000762939453,2.539999961853028,26.950000762939453,1419476.525,3904507.22,1589917.7023809524,20269456.70081377,0.0711614177164201,1.06385714667184,False,True,True,-0.2327491756148927,0.39922761088008,0.8729946782295852,0.9761514249960086,1.119515876837509,1.0790252043374025,0.8927987422709293,32.0,13.0,13.0,98.0,98.0,97.0,97.0,65,98,97,96,26.923076923076923,CRVS
2026-03-27,34.83000183105469,35.189998626708984,33.810001373291016,34.59000015258789,919364.0,0.0139738974747036,32.3570304914216,30.1742138119767,28.19680000305176,27.176000022888186,25.709000015258788,28.40470016479492,29.723200073242182,19.6200008392334,35.189998626708984,19.6200008392334,35.189998626708984,19.6200008392334,37.52999877929688,19.6200008392334,41.66999816894531,19.6200008392334,41.66999816894531,15.100000381469728,41.66999816894531,1475921.6,1449055.28,1351000.650793651,48592879.24831657,0.0591040028819755,2.0328574861798967,False,True,False,0.4739738920043506,0.7669604993596565,0.3218216822322479,0.6888957740772982,-0.0324999491373697,0.4925449964716311,1.0924654989122056,54.0,98.0,98.0,92.0,92.0,52.0,52.0,98,96,93,91,100.0,CVI
2026-03-27,171.80999755859375,176.1199951171875,170.34500122070312,175.1300048828125,7197321.0,-0.0228074712693555,166.30776311730102,156.72032748254915,150.25199920654296,144.93299891153973,134.07187545776367,132.4785369873047,132.527950630188,112.86000061035156,186.38999938964844,110.22000122070312,186.38999938964844,110.22000122070312,186.38999938964844,110.22000122070312,186.38999938964844,110.22000122070312,186.38999938964844,65.04254010518392,186.38999938964844,9502420.525,9087432.42,7214349.686507937,1513913833.3333893,0.0487226759181,8.132499694824219,False,False,False,0.4146562525795143,0.7360954436073839,0.3441473238584676,0.7005312619623915,0.3223616279845427,0.6732016218594953,1.3171555216918784,73.0,98.0,98.0,93.0,93.0,87.0,87.0,96,93,89,86,92.3076923076923,DELL
2026-03-27,47.43000030517578,48.2599983215332,45.7401008605957,46.665000915527344,1159767.0,0.0219780319137525,44.6271439627393,42.61231242510237,41.48828979492188,40.2907293955485,36.27055534362793,35.54846969604492,31.27382388114929,32.28253758939585,48.2599983215332,25.677033842733817,48.2599983215332,25.677033842733817,48.2599983215332,25.677033842733817,48.2599983215332,20.819943575569702,48.2599983215332,10.576109359394549,48.2599983215332,1675259.175,1641913.34,1690160.1865079366,77432876.55729866,0.0584058422647386,2.354278564453125,False,False,False,0.3125205386643093,0.6829506365169816,0.6071861255136657,0.8376195858372181,0.4303428730248861,0.7281738380469546,0.9911836690824414,41.0,97.0,97.0,96.0,96.0,90.0,90.0,95,96,94,92,100.0,DK
2026-03-27,81.12999725341797,84.55000305175781,80.3499984741211,81.91999816894531,1232705.0,-0.0160096997414426,79.05104694364555,74.4048357098986,70.79079971313476,67.1043332417806,60.23419982910156,50.48209987640381,38.597699880599976,46.79999923706055,88.0199966430664,35.84000015258789,88.0199966430664,35.84000015258789,88.0199966430664,32.220001220703125,88.0199966430664,22.76000022888184,88.0199966430664,13.369999885559082,88.0199966430664,1153045.125,1088272.1,652615.0992063492,121147040.93267632,0.0702435730183153,4.899999346051898,True,True,True,0.5275841898146219,0.7948558243735029,0.8801852696288048,0.9798989562210022,1.2636717887279314,1.1524135964621631,1.7668073055652986,89.0,98.0,98.0,98.0,98.0,98.0,98.0,97,98,97,97,96.15384615384616,DNTH
2026-03-27,81.41999816894531,85.32499694824219,79.82009887695312,83.63999938964844,3970423.0,-0.0490540112462725,80.80251162054245,75.0129611815844,68.55560012817382,68.34600041707357,64.12960021972657,55.91480014801025,44.46175003051758,51.02999877929688,88.83999633789062,47.20000076293945,88.83999633789062,41.959999084472656,88.83999633789062,37.09099960327149,88.83999633789062,30.049999237060547,88.83999633789062,25.450000762939453,88.83999633789062,3988823.075,3876628.46,2543395.3293650798,317800358.7357086,0.0799842719367374,6.216564178466797,False,False,True,0.5005529061476879,0.7807904959901538,0.6558877608494276,0.8630014896328959,1.3176770763848311,1.179907170436346,1.5683063615579378,85.0,98.0,98.0,97.0,97.0,98.0,98.0,97,95,95,96,80.76923076923077,DOCN
2026-03-27,40.81999969482422,41.05500030517578,39.33000183105469,39.630001068115234,10709343.0,0.0342031525809272,38.06268826713945,36.25734531248704,34.68121810913086,34.08626600901286,32.15395481109619,27.633257598876952,25.853236961364747,28.868075641237567,41.05500030517578,23.02231531853521,41.05500030517578,20.38220872003981,41.05500030517578,20.10953521728516,41.05500030517578,20.10953521728516,41.05500030517578,19.585006096082974,41.05500030517578,14811523.575,14466674.86,13035589.853174604,569511771.6081474,0.0437605591484566,1.593571526663644,False,False,False,0.3813875041874532,0.7187845427710409,0.7911312812809712,0.9334865565288232,0.8881566351989127,0.9612424334166582,1.1362373119919005,58.0,97.0,97.0,98.0,98.0,97.0,97.0,94,96,96,95,100.0,DOW
2026-03-27,6.980000019073486,8.049500465393066,6.215000152587891,6.25,2841357.0,-0.1729857386134501,4.127736333891011,3.467796001762617,2.908399977684021,2.9538333137830097,3.299979979991913,4.121829982995987,6.274594994187355,1.899999976158142,12.699999809265137,1.899999976158142,12.699999809265137,1.899999976158142,12.699999809265137,1.899999976158142,12.699999809265137,1.899999976158142,27.84000015258789,1.899999976158142,27.84000015258789,2949375.7,2361569.1,538450.8412698413,48642564.98248868,0.2361169886551821,1.2149285163198198,True,False,False,1.566176450608305,1.3352719357377376,0.6524621346816626,0.8612161509429173,0.0640244024325382,0.5416846180778909,5.477520831882105,99.0,99.0,99.0,97.0,97.0,70.0,70.0,99,99,99,99,96.15384615384616,EEIQ
2026-03-27,6.440000057220459,6.469099998474121,6.244999885559082,6.260000228881836,1598636.0,0.0287539651369588,6.044215125555726,5.765140357809653,5.569870376586914,5.462252934773763,5.188157186508179,4.374185864925384,4.039948318004608,4.671340740857413,6.469099998474121,3.426966467003972,6.469099998474121,3.323268737076665,6.469099998474121,3.323268737076665,6.469099998474121,3.323268737076665,6.469099998474121,2.8073952369503896,6.469099998474121,1554560.9,1549772.72,1004838.238095238,11371376.655316925,0.0520848605052883,0.319864239011492,False,False,False,0.2836357214826035,0.6679208494021851,0.8846441925614679,0.9822228197243308,0.5657271911749464,0.7970966959280271,1.5470757790296783,84.0,96.0,96.0,98.0,98.0,93.0,93.0,93,96,95,94,100.0,EGY
2026-03-27,38.83000183105469,39.59000015258789,37.720001220703125,39.290000915527344,1331784.0,-0.0117077901184488,33.3802936850606,31.323229022501508,30.227600173950197,29.569666798909505,28.53490009307861,24.033250045776366,22.26707500457764,25.290000915527344,40.619998931884766,14.78499984741211,40.619998931884766,14.78499984741211,40.619998931884766,14.78499984741211,40.619998931884766,14.78499984741211,40.619998931884766,13.300000190734863,40.619998931884766,1131319.6,1098917.68,700647.1587301587,47955557.46796952,0.0740668244720004,2.4710709708077565,True,True,False,0.3109385797053088,0.6821274875862284,1.3209804479088594,1.2096288355478149,1.0910071335045464,1.0645116765377658,1.6146780671320855,86.0,96.0,96.0,99.0,99.0,97.0,97.0,96,98,98,97,100.0,ELVN
2026-03-27,1.0700000524520874,1.1200000047683716,0.8999999761581421,1.0,20492509.0,0.0700000524520874,1.011653156857409,0.9207920992989576,0.8328400003910065,0.7569000005722046,0.6131599998474121,0.523120000064373,0.467539999037981,0.3400000035762787,1.5800000429153442,0.3400000035762787,1.5800000429153442,0.3400000035762787,1.5800000429153442,0.3400000035762787,1.5800000429153442,0.3269999921321869,1.5800000429153442,0.2669999897480011,1.5800000429153442,39739930.225,32145668.18,8748148.051587302,73658264.57928179,0.245239496951545,0.2295000127383641,False,False,True,1.584541161217965,1.3448277410991387,1.6550869976385911,1.3837556434933955,1.5476192520454148,1.2969685266589537,4.542667772728128,98.0,99.0,99.0,99.0,99.0,98.0,98.0,99,99,98,98,88.46153846153845,EONR
2026-03-27,14.970000267028809,15.515000343322754,14.914999961853027,15.119999885559082,3798466.0,-0.0125329539772874,14.816536700957757,14.409289949420776,14.501199989318849,14.152333323160809,12.7871000289917,8.149500026702881,4.948775017857551,11.880000114440918,16.405000686645508,3.359999895095825,16.405000686645508,2.5199999809265137,16.405000686645508,2.1050000190734863,16.405000686645508,1.3300000429153442,16.405000686645508,1.0099999904632568,16.405000686645508,4824916.65,5528303.32,2734563.753968254,82650621.70576945,0.0793631817930955,1.137500286102295,False,True,True,0.1031687990927936,0.5740175573121374,3.3644314797876307,2.274617252153193,7.2707186410404,4.21054353458375,1.7644191483918912,89.0,91.0,91.0,99.0,99.0,99.0,99.0,88,99,99,99,96.15384615384616,ERAS
2026-03-27,2.430000066757202,2.690000057220459,2.1700000762939453,2.1700000762939453,2428617.0,0.0565217900591681,2.0232434762472065,1.991347894849708,1.9468000030517576,2.0800000031789145,2.13699999332428,2.891209993362427,5.190220005512238,1.0499999523162842,3.065999984741211,0.9900000095367432,6.090000152587891,0.9900000095367432,6.090000152587891,0.9900000095367432,7.449999809265137,0.9900000095367432,17.399999618530273,0.9900000095367432,162.5,7612962.925,14868704.34,3490224.0753968256,18716183.57050482,0.1744157465915137,0.3507143259048462,False,False,False,0.0752212730138546,0.5594754757504194,-0.1258992475663938,0.4555563905203787,-0.5922818706033575,0.2075653891966591,2.181224689459067,94.0,90.0,90.0,37.0,37.0,10.0,10.0,99,98,97,97,84.61538461538461,FEED
2026-03-27,14.699999809265137,15.25,14.399999618530272,15.229999542236328,2123020.0,-0.0473104654227243,15.016531861547197,14.686088920095813,14.824800033569336,14.141666666666667,12.918399982452392,11.78439998626709,9.223999996185302,9.916999816894531,17.479999542236328,9.916999816894531,17.479999542236328,8.949999809265137,17.479999542236328,6.769999980926514,17.479999542236328,6.494999885559082,17.479999542236328,3.565000057220459,17.479999542236328,4049293.0,3652832.4,2426853.253968254,56329751.87204552,0.0579420405146566,0.8624284608023507,False,False,True,0.1788291495175455,0.6133863008552035,0.2384161711028323,0.6454271996665812,1.2374428348831992,1.1390606876252185,1.6685364034182222,87.0,94.0,94.0,89.0,89.0,98.0,98.0,95,91,91,96,61.53846153846154,FIGS
2026-03-27,97.93000030517578,103.56999969482422,96.41000366210938,98.5199966430664,1291332.0,-0.0241155775360514,98.32076966789832,95.79589161484508,95.35079956054688,95.246666208903,89.23599975585938,73.01979984283447,53.95239992141724,81.01000213623047,110.08999633789062,55.720001220703125,110.08999633789062,47.33000183105469,110.08999633789062,37.13999938964844,110.08999633789062,27.809999465942383,110.08999633789062,22.57999992370605,110.08999633789062,1488418.3,1536762.64,1038168.380952381,133505669.77023771,0.0651322171265516,6.317856924874442,False,True,True,0.0018414353470668,0.5212933632685492,0.6835138969878252,0.8773994441343582,1.750842823107551,1.400427697542206,1.433696428545218,79.0,79.0,79.0,97.0,97.0,99.0,99.0,85,95,96,97,88.46153846153845,FORM
2026-03-27,27.43000030517578,29.174999237060547,26.950000762939453,28.104999542236328,9751049.0,-0.0405736215887047,26.873231294254825,24.500907129923142,23.140200119018555,22.313500086466476,17.176900062561035,13.866700029373169,10.717500007152555,16.040000915527344,30.950000762939453,7.869999885559082,30.950000762939453,7.869999885559082,30.950000762939453,7.735000133514404,30.950000762939453,7.054999828338623,30.950000762939453,4.650000095367432,30.950000762939453,15406398.725,13056810.98,5223370.432539683,312607682.9902916,0.0997261973602738,2.3812855311802457,False,True,True,0.5272829456261181,0.7946990764185375,1.6024668315419368,1.3563315131870948,2.2889688013571905,1.674382471830786,2.94951294838746,96.0,98.0,98.0,99.0,99.0,99.0,99.0,97,99,99,98,88.46153846153845,FSLY
2026-03-27,16.889999389648438,17.940000534057617,16.31999969482422,16.700000762939453,2071281.0,0.0236363266453598,16.152140375030445,15.650694608000803,15.36319995880127,15.063999970753988,14.04280002593994,12.026200008392331,10.364300003051758,13.119999885559082,17.940000534057617,9.4399995803833,17.940000534057617,9.3100004196167,17.940000534057617,8.930000305175781,17.940000534057617,8.15999984741211,17.940000534057617,3.140000104904175,17.940000534057617,1785002.025,1693453.62,1794158.257936508,26887411.387047198,0.0674256932013532,1.0000001362391882,False,True,False,0.1894365927123564,0.6189057269276412,0.6839481395125726,0.8776257589574877,0.837867264510145,0.9356405971310944,0.9948966414216778,42.0,95.0,95.0,97.0,97.0,96.0,96.0,90,96,94,93,100.0,GPRE
2026-03-27,33.04999923706055,33.810001373291016,30.6200008392334,30.709999084472656,2211542.0,0.0599743076838377,34.44309410341534,36.85268932917729,40.69499977111816,40.34749978383382,40.55749980926514,28.303549876213072,16.643274943828583,29.209999084472656,55.75,22.350000381469727,58.72999954223633,9.1899995803833,58.72999954223633,6.28000020980835,58.72999954223633,3.930000066757202,58.72999954223633,2.299999952316284,58.72999954223633,4513543.55,4962656.84,2112320.801587302,165810956.7374855,0.1071194275652895,3.811357498168945,False,False,True,-0.3372769210963472,0.344838145567109,0.3241186077454863,0.6900928661667304,4.139968914369314,2.616708876175329,2.1367699198948857,93.0,5.0,5.0,92.0,92.0,99.0,99.0,76,91,99,99,19.230769230769237,HYMC
2026-03-27,7.380000114440918,7.650000095367432,7.130000114440918,7.369999885559082,14248939.0,0.0,8.046275107468155,8.183850664044874,8.80700002670288,8.599666674931845,7.635999999046326,4.913299994468689,3.753374996185303,5.929999828338623,12.43000030517578,1.950000047683716,12.43000030517578,1.950000047683716,12.43000030517578,1.950000047683716,12.43000030517578,1.950000047683716,12.43000030517578,1.830000042915344,12.43000030517578,33102420.975,43668862.78,16775589.043650793,237164648.062365,0.1101119259902789,0.9654999460492816,False,True,False,-0.2272251343407528,0.402101963999277,2.448598015265696,1.7973109619414414,2.0,1.5272712265983064,1.9732493976137648,92.0,14.0,14.0,99.0,99.0,99.0,99.0,88,99,99,99,7.6923076923076925,IBRX
2026-03-27,45.22999954223633,46.380001068115234,44.5,44.68999862670898,508301.0,-0.0048405108253049,47.151306553434,46.16075535970119,46.65480056762695,46.87466710408528,41.41140029907226,29.77245018005371,24.62270004272461,38.41999816894531,55.33000183105469,18.350000381469727,55.33000183105469,14.06999969482422,55.33000183105469,14.0600004196167,55.33000183105469,14.0600004196167,55.33000183105469,13.119999885559082,55.33000183105469,1023652.525,1016806.02,792094.0515873015,31945654.830908395,0.08285782186103,4.05378532409668,False,True,True,-0.0356077170428468,0.5018072510834094,1.402018041715123,1.2518633189618331,1.6637220707651077,1.3560753581114688,1.2923370942486834,71.0,66.0,66.0,99.0,99.0,98.0,98.0,82,98,98,98,65.38461538461539,ICHR
2026-03-27,3.059999942779541,3.200000047683716,3.0299999713897705,3.0999999046325684,1316583.0,-0.0285714761470166,3.2067359475954054,3.393113994813631,3.4248000049591063,3.608333357175191,4.087000002861023,3.733099998235703,2.424049997031689,2.950000047683716,4.880000114440918,2.950000047683716,5.78000020980835,2.950000047683716,5.78000020980835,1.409999966621399,5.78000020980835,1.0099999904632568,5.78000020980835,0.5299999713897705,5.78000020980835,3265624.575,3191395.66,2894828.9007936507,10229296.29164946,0.0745314661316733,0.2385714394705636,False,True,False,-0.1639344614700928,0.4350343289027571,-0.0613497080579117,0.4891977701283551,1.4094488100284486,1.226627279839326,1.1280889775919716,58.0,25.0,25.0,48.0,48.0,98.0,98.0,46,36,30,96,11.538461538461538,IRWD
2026-03-27,37.0,45.59999847412109,36.91999816894531,41.650001525878906,5231069.0,-0.0694164597094171,28.01475674730337,26.371965529881912,25.913200073242187,25.636333401997884,25.235000076293947,24.47209997177124,17.073250004053115,21.0,45.59999847412109,20.8799991607666,45.59999847412109,18.149999618530277,45.59999847412109,10.9399995803833,45.59999847412109,8.289999961853027,45.59999847412109,1.919999957084656,45.59999847412109,1092109.225,1004487.38,756555.4325396825,49341497.156015776,0.089989692123678,3.3550000871930803,False,False,False,0.3223731452942955,0.688077294554766,0.1904761933985239,0.6204422501126555,1.3596938316249103,1.2012974975407449,1.4435283629302569,79.0,97.0,97.0,87.0,87.0,98.0,98.0,98,96,96,98,96.15384615384616,KOD
2026-03-27,2.9100000858306885,2.930000066757202,2.7699999809265137,2.9200000762939453,28591914.0,0.0139373525667629,2.7087788974430564,2.5350508628617594,2.4863999938964843,2.368333331743876,1.994999997615814,1.5631000024080275,1.6973500075936316,1.5099999904632568,3.009999990463257,0.8799999952316284,3.009999990463257,0.8399999737739563,3.009999990463257,0.8399999737739563,3.009999990463257,0.8399999737739563,3.009999990463257,0.8399999737739563,3.009999990463257,28981772.85,26101676.28,14737083.388888888,96130127.76489677,0.1011817961547882,0.258571445941925,True,True,False,0.3227272830718803,0.6882615649059656,2.233333514354852,1.6851212415126586,0.6256984066179672,0.8276274665181117,1.9665881019477016,92.0,97.0,97.0,99.0,99.0,94.0,94.0,98,99,99,98,100.0,KOS
2026-03-27,64.31999969482422,65.09500122070312,61.10010147094727,62.9900016784668,2165054.0,0.0072032427196389,67.0903157108142,65.13959172432256,64.55879959106446,62.77266616821289,56.70369972229004,46.12449977874756,35.79797492027283,49.10300064086914,74.0999984741211,36.26499938964844,74.0999984741211,28.09000015258789,74.0999984741211,28.045000076293945,74.0999984741211,26.8799991607666,74.0999984741211,6.199999809265137,74.0999984741211,2059463.85,1831365.08,966315.2936507936,151703929.61784515,0.0892547556343743,5.5029206957135886,False,True,True,0.0217632869782478,0.5316594039142505,0.6358087536631087,0.8525368835636694,1.2938658200687354,1.1677850882227692,2.131254533102989,93.0,84.0,84.0,97.0,97.0,98.0,98.0,91,96,97,96,73.07692307692307,LASR
2026-03-27,29.040000915527344,30.270000457763672,29.0,29.75,4030765.0,-0.0274614761575038,29.695959060383423,29.17220916299867,29.04230171203613,28.635533714294432,26.415560607910155,22.241757192611693,17.238272194862365,24.88426642488993,32.400001525878906,18.111239804158064,32.400001525878906,15.526190308061144,32.400001525878906,11.428864844639786,32.400001525878906,9.82167991871116,32.400001525878906,9.2896470063623,32.400001525878906,5258606.625,5050727.3,4134373.273809524,154758094.17526817,0.0555563081752124,1.7774998801095143,False,False,True,0.0434891670995312,0.5429641440845048,0.5714249295454112,0.8189818700926279,1.366335617271349,1.2046787669110912,1.2719235242527045,69.0,87.0,87.0,96.0,96.0,98.0,98.0,81,94,94,97,80.76923076923077,LBRT
2026-03-27,702.72998046875,732.8300170898438,692.330078125,706.4099731445312,5085576.0,0.0202235669608754,713.7136218572936,687.2225373335931,688.3459985351562,675.6493326822916,577.7532006835937,446.5491999816895,288.6427248764038,528.010009765625,808.7999877929688,317.44000244140625,808.7999877929688,229.5850067138672,808.7999877929688,147.80999755859375,808.7999877929688,115.88999938964844,808.7999877929688,45.650001525878906,808.7999877929688,6679929.4,6151215.52,3911791.968253968,5176395900.592737,0.1012939460624096,69.98000662667411,True,True,True,0.0380058795697932,0.5401109965730372,0.7749291691136406,0.9250424776086232,3.4166298647039977,2.248463903632396,1.7076392237140343,88.0,86.0,86.0,97.0,97.0,99.0,99.0,92,98,98,99,80.76923076923077,LITE
2026-03-27,4.619999885559082,4.840000152587891,4.559999942779541,4.809999942779541,1025948.0,-0.0474226852775393,4.670496556341128,4.631673373220023,4.857399959564209,4.554833300908407,4.094099979400635,3.8484499979019167,3.806750010251999,2.7149999141693115,6.420000076293945,2.7149999141693115,6.420000076293945,2.7149999141693115,6.420000076293945,2.7149999141693115,6.420000076293945,2.7149999141693115,6.420000076293945,1.6100000143051147,6.420000076293945,5764971.2,4893618.96,2346602.9682539683,11866995.217876816,0.0811041883483432,0.3706429685865129,False,False,True,-0.1630434961009491,0.4354979295459825,0.1637279224847756,0.6065018139373028,-0.0493827657123481,0.4839501164786639,2.45673054964621,95.0,25.0,25.0,85.0,85.0,50.0,50.0,97,95,92,90,53.84615384615385,LRMR
2026-03-27,17.520000457763672,19.270000457763672,17.43000030517578,19.15999984741211,11599438.0,-0.0889235114497456,18.62723060482704,18.398085576641925,18.14439998626709,17.994666639963786,18.421000118255616,15.504850034713746,13.085875000953674,15.413999557495115,21.82999992370605,14.539999961853027,23.315000534057617,7.78000020980835,23.315000534057617,7.78000020980835,23.315000534057617,7.78000020980835,23.315000534057617,6.135000228881836,23.315000534057617,11044318.45,11292826.76,8675652.92857143,225514032.06028825,0.1107112946893695,2.1207140513828824,False,False,True,-0.0084889427211442,0.515918103934074,0.0484740525236586,0.5464347829379449,0.7346534451530591,0.8830954316339635,1.2730244675450155,69.0,74.0,74.0,75.0,75.0,95.0,95.0,77,75,97,96,80.76923076923077,LUNR
2026-03-27,7.235000133514404,7.949999809265137,7.010000228881836,7.6020002365112305,4877059.0,-0.0771683682778734,7.227709264322068,6.495008132477068,5.903000020980835,5.495833357175191,4.771900019645691,4.468350021839142,3.706025011539459,3.2699999809265137,8.789999961853027,3.0,8.789999961853027,2.8399999141693115,8.789999961853027,2.8399999141693115,8.789999961853027,2.150000095367432,8.789999961853027,0.7900000214576721,8.789999961853027,4163546.475,3756279.18,2108390.7103174604,46231540.65258753,0.1450815995827401,1.0142856666019984,False,False,True,0.614955380069548,0.8403181300975502,1.1217008655153542,1.1057699989013046,0.8409669238210187,0.9372186039570128,1.9747509105525771,92.0,99.0,99.0,98.0,98.0,96.0,96.0,99,98,98,97,84.61538461538461,LWLG
2026-03-27,16.299999237060547,16.979900360107422,16.030000686645508,16.530000686645508,3212566.0,-0.0343601867619828,15.336770392822514,14.305014291227806,13.58399990081787,12.963333257039388,11.645399951934817,10.285599956512453,9.271399977207183,9.449999809265137,17.219999313354492,8.220000267028809,17.219999313354492,8.199999809265137,17.219999313354492,8.119999885559082,17.219999313354492,7.710000038146973,17.219999313354492,4.880000114440918,17.219999313354492,1442881.65,1275351.32,618506.2142857143,34980632.37575092,0.0701592054329991,1.0292785508292062,True,True,False,0.4124782747783637,0.7349621650934115,0.9221698251132152,1.00178010951006,1.0198264998095017,1.0282742986266071,2.332849075196957,95.0,98.0,98.0,98.0,98.0,97.0,97.0,97,97,95,94,96.15384615384616,LXU
2026-03-27,80.44999694824219,81.26000213623047,77.43499755859375,77.83999633789062,6564945.0,0.0351260381454014,74.96269381926322,70.77140655865546,67.51058364868165,65.5315678914388,60.18301979064941,52.00174701690674,51.8861351776123,53.61898475526721,81.26000213623047,42.70154024173421,81.26000213623047,40.796716679597225,81.26000213623047,39.932381270657935,81.26000213623047,39.932381270657935,81.26000213623047,39.932381270657935,81.26000213623047,8859298.625,8208016.9,5501951.765873016,725185958.0222473,0.0480888976556284,3.51964351109096,False,False,False,0.4463016017924976,0.7525616327077868,0.8993884882172889,0.9899071262428076,0.7102772906598571,0.870685765176436,1.6102101585025912,86.0,98.0,98.0,98.0,98.0,95.0,95.0,96,97,95,94,100.0,LYB
2026-03-27,213.9600067138672,220.0,208.32749938964844,214.22999572753903,1044103.0,-0.0085723129866783,212.5262471762697,209.24458345476023,211.05519958496092,212.4049992879232,198.1613998413086,170.57979972839357,150.04214946746825,180.82000732421875,243.8000030517578,111.18000030517578,243.8000030517578,111.18000030517578,243.8000030517578,111.18000030517578,243.8000030517578,111.18000030517578,243.8000030517578,64.79000091552734,243.8000030517578,1356002.575,1340746.06,1133186.123015873,234130278.91384047,0.0665643932247652,13.256607055664062,False,True,True,-0.0652686220226528,0.4863736381692505,0.5550549633596087,0.8104503104437174,0.5741613419382188,0.8013904411885399,1.1966282920859648,64.0,55.0,55.0,96.0,96.0,93.0,93.0,83,97,95,93,84.61538461538461,MOD
2026-03-27,9.890000343322754,11.260000228881836,9.760000228881836,11.260000228881836,1138947.0,-0.1130044231672902,10.43504669807414,9.931638051523848,10.343577649858265,10.343577649858265,10.343577649858265,10.343577649858265,10.343577649858265,6.510000228881836,14.600000381469728,6.510000228881836,14.600000381469728,6.510000228881836,14.600000381469728,6.510000228881836,14.600000381469728,6.510000228881836,14.600000381469728,6.510000228881836,14.600000381469728,1415376.888888889,1415376.888888889,1415376.888888889,15326574.654553732,0.2401598719410449,2.238000022040473,False,False,True,0.0,0.0,0.0,0.0,0.0,0.0,1.0,43.0,0.0,0.0,0.0,0.0,0.0,0.0,96,92,88,85,0.0,MRLN
2026-03-27,49.560001373291016,53.55500030517578,49.47999954223633,53.290000915527344,7047388.0,-0.0748552985696701,52.145488092026696,51.83212650402471,52.78420043945312,51.73116696675618,48.60300018310547,38.63620006561279,33.0861750125885,41.20000076293945,59.54999923706055,29.059999465942383,59.54999923706055,22.280000686645508,59.54999923706055,22.280000686645508,59.54999923706055,22.280000686645508,59.54999923706055,22.280000686645508,59.54999923706055,9607629.7,10874791.76,10752292.80952381,473443906.8800384,0.0661112510024477,2.838785716465541,False,False,False,-0.0415779878021161,0.4987007090559824,0.5132824846806416,0.7886796855390956,1.0138155280030705,1.0252141705319884,0.8935424165058146,32.0,64.0,64.0,96.0,96.0,97.0,97.0,84,95,97,96,30.76923076923077,MRNA
2026-03-27,12.210000038146973,14.329999923706056,12.15999984741211,12.710000038146973,12689497.0,-0.0686498582837018,10.239557904674664,10.032854178252492,9.742000007629397,9.813333320617676,10.90689998626709,13.42090000152588,13.552598036971746,8.104999542236328,14.329999923706056,8.104999542236328,18.549999237060547,8.104999542236328,18.549999237060547,8.104999542236328,22.75,8.104999542236328,22.75,8.104999542236328,22.75,2449677.425,2257675.94,2313194.088235294,35089567.63471894,0.0857656031826452,1.0282141821725028,False,False,False,0.1529744912386239,0.599933212078027,-0.2291666716838926,0.4017363533469429,0.0,0.0,1.059002112040165,50.0,93.0,93.0,24.0,24.0,0.0,0.0,96,92,87,84,96.15384615384616,NAVN
2026-03-27,49.810001373291016,50.33000183105469,49.369998931884766,49.66999816894531,808774.0,-0.0004013738115339,48.35300227036675,46.90310372522931,46.41664947509766,46.07897885640463,42.17794418334961,35.785470447540284,31.609457578659057,41.38192964179096,50.77999877929688,27.574765713112797,50.77999877929688,27.36706538823776,50.77999877929688,26.01007513757615,50.77999877929688,25.57511149773182,50.77999877929688,16.344428857025648,50.77999877929688,2248194.35,2215165.48,2284219.3412698414,82852438.53971139,0.0412861224125251,1.816142763410296,True,True,False,0.1213841880399133,0.58349566535645,0.7833344578140804,0.929423074434554,0.7628155003210422,0.8974324638139418,0.984228751320434,41.0,92.0,92.0,98.0,98.0,96.0,96.0,84,96,94,93,100.0,NE
2026-03-27,8.130000114440918,8.289999961853027,7.824999809265137,8.079999923706055,5348496.0,-0.0024539269969882,7.236593747414402,6.66604151419453,6.19079999923706,6.048666652043661,5.697599992752076,5.678100013732911,7.215049993991852,4.96999979019165,8.479999542236328,4.75,8.479999542236328,4.75,8.479999542236328,4.75,8.479999542236328,4.75,11.270000457763672,4.75,12.119999885559082,4656367.4,4240469.92,3342018.238095238,44959316.0425333,0.0916433642760015,0.593928473336356,True,True,False,0.5544933240518759,0.8088575941089735,0.4890109995677025,0.7760300795070273,0.1834061499084431,0.6024607207115491,1.3932800685892928,77.0,98.0,98.0,95.0,95.0,80.0,80.0,97,95,93,90,100.0,NEXT
2026-03-27,68.66000366210938,71.68000030517578,67.62999725341797,71.05000305175781,724812.0,-0.0325489293907449,71.73560777684723,70.54694131528846,71.30800018310546,71.62066701253255,59.38200012207031,55.50569995880127,46.212749972343445,62.5,77.97000122070312,33.400001525878906,77.97000122070312,33.400001525878906,77.97000122070312,33.400001525878906,77.97000122070312,26.450000762939453,77.97000122070312,6.449999809265137,77.97000122070312,1297017.8,1173822.24,1117031.134920635,62160042.75525971,0.0595547258461226,4.178572518484933,False,False,True,0.0418816702932338,0.5421277069128799,0.5625854758305409,0.8143749988397352,0.2344481298209677,0.6284457031345516,1.1611294971577968,61.0,87.0,87.0,96.0,96.0,84.0,84.0,69,97,96,95,61.53846153846154,NKTR
2026-03-27,4.139999866485596,4.300000190734863,3.9800000190734863,4.25,2428213.0,-0.0394431736777034,4.680887138737217,4.819194458304127,4.836599998474121,4.814000002543131,5.307400007247924,4.732400012016297,3.000695005506277,3.9800000190734863,6.340000152587891,2.2850000858306885,9.44499969482422,2.009999990463257,9.44499969482422,1.5099999904632568,9.44499969482422,0.3210000097751617,9.44499969482422,0.3210000097751617,9.44499969482422,3472467.825,4985272.26,10379892.115079366,17110956.989326883,0.1035058444814946,0.5980713708060128,False,False,False,-0.1602434055498237,0.4369549152219113,-0.1238095343818772,0.4566454894519501,1.9999999136164568,1.527271182621273,0.3345379495761213,8.0,26.0,26.0,38.0,38.0,99.0,99.0,47,96,96,98,7.6923076923076925,NUAI
2026-03-27,12.199999809265137,12.479999542236328,12.010000228881836,12.0,773747.0,0.0166666507720947,12.150015171662872,12.03154714211828,12.544000015258788,12.142000007629395,10.742400016784668,8.74610002040863,7.193050000667572,9.010000228881836,14.5,6.710000038146973,14.5,5.829999923706055,14.5,5.5,14.5,5.119999885559082,14.5,3.0799999237060547,14.5,1322798.675,1222586.94,795870.8214285715,14353480.14819951,0.046278826659879,0.5721425328935895,False,False,True,-0.0722433335987666,0.4827444502288646,0.7706821546700595,0.9228290547680422,1.0,1.0181808177322045,1.662077110234553,87.0,52.0,52.0,97.0,97.0,97.0,97.0,93,96,96,96,84.61538461538461,OIS
2026-03-27,2.0199999809265137,2.0199999809265137,2.0,2.0,10550515.0,0.0049751196570662,1.546368486561299,1.4810112748452715,1.4591999912261964,1.484666657447815,1.5129999923706057,1.3845999944210052,1.3800999963283538,1.1699999570846558,2.0199999809265137,1.1699999570846558,2.0199999809265137,0.9919999837875366,2.0199999809265137,0.9919999837875366,2.0199999809265137,0.9919999837875366,2.0199999809265137,0.9919999837875366,2.0199999809265137,4508377.875,3815570.3,1806644.900793651,14911180.512282968,0.0793543916634909,0.1325000098773411,False,True,False,0.2095808579856841,0.6293874972202315,0.4326241338620589,0.7466428527575898,0.5074626347832236,0.7674347690921629,2.4954421718509763,95.0,95.0,95.0,95.0,95.0,92.0,92.0,97,95,96,95,100.0,OLPX
2026-03-27,2.299999952316284,2.450000047683716,2.289999961853028,2.4200000762939453,1995095.0,-0.0650406842884484,2.317498910491686,2.1562290640944104,2.011600003242493,1.9196666677792864,1.7892000007629394,1.6662499988079071,1.3137099993228911,1.3600000143051147,2.720000028610229,1.3600000143051147,2.720000028610229,1.2100000381469729,2.720000028610229,1.1799999475479126,2.720000028610229,0.9399999976158142,2.720000028610229,0.2430000007152557,2.720000028610229,3006327.375,2770837.9,2028580.9325396824,10968482.482061446,0.0992422529308378,0.2193571414266313,False,False,True,0.3939393851820538,0.725315728274219,0.2921348254407629,0.673423830725034,0.6312056785557785,0.8304311658406689,1.4819854247748585,81.0,97.0,97.0,91.0,91.0,94.0,94.0,97,95,95,94,80.76923076923077,OVID
2026-03-27,65.66999816894531,66.73999786376953,62.2599983215332,63.0,1358131.0,0.0422155200487137,59.50212614185667,55.1361094968842,51.49399948120117,50.01766624450684,45.435399856567386,42.997999877929686,37.85569993019104,36.59999847412109,66.73999786376953,34.369998931884766,66.73999786376953,34.369998931884766,66.73999786376953,33.209999084472656,66.73999786376953,27.84000015258789,66.73999786376953,12.039999961853027,66.73999786376953,1395495.775,1356470.62,1371263.2182539685,95613990.18426438,0.0623127198801822,3.656428745814732,False,False,False,0.6162932917193655,0.8410142926229581,0.8493382504364451,0.9638223693030066,0.7354650608915001,0.8835086174220886,1.0176717033049911,45.0,99.0,99.0,98.0,98.0,95.0,95.0,98,97,95,94,100.0,PARR
2026-03-27,51.22999954223633,51.69990158081055,49.686798095703125,50.375,2850398.0,0.0170736674327616,47.99933655684824,45.06008363651823,42.94144119262696,41.40646069844564,38.07952934265137,35.08535461425781,30.615084609985352,32.45365002372538,51.79999923706055,25.44898035751025,51.79999923706055,25.419217174807407,51.79999923706055,25.419217174807407,51.79999923706055,21.86414931001587,51.79999923706055,13.09467742122949,51.79999923706055,3794032.45,3606615.96,3411873.404761905,210409679.51448932,0.0711493923527939,2.77522087097168,True,True,False,0.4206876758518776,0.73923380543992,0.9470083364799704,1.014725233459027,0.5499681457355681,0.7890739170419545,1.1120085653543654,56.0,98.0,98.0,98.0,98.0,93.0,93.0,97,97,96,94,100.0,PBF
2026-03-27,30.86000061035156,34.2400016784668,30.549999237060547,33.97999954223633,14492521.0,-0.047530890216079,30.591478768354825,28.65069119655085,27.13480003356933,26.525,25.887000045776368,20.975299968719483,14.92864998102188,21.128999710083008,37.04999923706055,18.972000122070312,37.04999923706055,10.520000457763672,37.04999923706055,10.520000457763672,37.04999923706055,6.255000114440918,37.04999923706055,2.789999961853028,37.04999923706055,13241915.525,13749374.42,10677511.194444444,494438026.1504257,0.1066391699823117,3.4292143412998746,False,False,True,0.2054687558789736,0.6272478257495978,0.5187008402471593,0.7915035779766283,1.5802676013312849,1.3135894881457004,1.2401687325684871,67.0,95.0,95.0,96.0,96.0,98.0,98.0,95,94,98,98,80.76923076923077,PL
2026-03-27,7.789999961853027,9.18000030517578,6.34499979019165,6.440000057220459,2591764.0,0.2210031069154092,6.144902691136397,6.217706120942594,4.592400026321411,4.311666695276896,6.427692339970515,6.427692339970515,6.427692339970515,2.200000047683716,9.18000030517578,2.200000047683716,48.90999984741211,2.200000047683716,48.90999984741211,2.200000047683716,48.90999984741211,2.200000047683716,48.90999984741211,2.200000047683716,48.90999984741211,2774411.897435897,2774411.897435897,2774411.897435897,13929206.1455678,0.2690819627587704,1.4674999713897705,False,False,False,1.4420062138308185,1.2706617907948266,0.0,0.0,0.0,0.0,1.0,43.0,99.0,99.0,0.0,0.0,0.0,0.0,99,99,99,98,100.0,PLYX
2026-03-27,11.359999656677246,11.574999809265137,11.220000267028809,11.260000228881836,10833813.0,0.0088809436734211,10.77827029229304,10.186897579839153,9.71588680267334,9.450473658243816,8.722985725402832,7.381376676559448,6.518268411159515,7.639165522523048,11.574999809265137,5.988789641022458,11.574999809265137,5.107121638818657,11.574999809265137,5.107121638818657,11.574999809265137,4.970671861762084,11.574999809265137,4.850127963011172,11.574999809265137,11155507.825,10925878.26,10519441.32142857,117683571.2621736,0.0465585800291177,0.4724999155317034,False,True,False,0.3668343144309531,0.7112120058736993,0.9450214662564296,1.0136897333465416,1.119193979136695,1.078861329305282,1.060465806513482,50.0,97.0,97.0,98.0,98.0,97.0,97.0,96,97,97,96,100.0,PTEN
2026-03-27,14.6899995803833,15.09000015258789,14.55500030517578,14.739999771118164,1563154.0,0.001363292705204,14.430009210698143,13.831089599332769,13.32199996948242,13.035999997456868,12.260999984741211,11.099000005722043,8.388950009346008,10.609999656677246,15.18000030517578,9.130000114440918,15.18000030517578,8.789999961853027,15.18000030517578,4.869999885559082,15.18000030517578,4.519999980926514,15.18000030517578,4.510000228881836,15.18000030517578,3200791.35,3326081.08,2609758.9444444445,43312461.263288215,0.0548185651182808,0.7853571346827916,False,True,True,0.2344537858226931,0.6423297570919232,0.5711228856735275,0.8188244534382307,1.7927754641003282,1.4217752028900543,1.2264701139596523,66.0,95.0,95.0,96.0,96.0,99.0,99.0,93,94,92,98,100.0,PUMP
2026-03-27,14.770000457763672,15.824999809265137,14.600000381469728,15.550000190734863,1310941.0,-0.0532051220134558,15.596004626313066,16.302036545800995,16.054000091552734,17.16200008392334,19.94370006561279,22.600450019836423,25.13402500629425,8.729999542236328,25.420000076293945,8.729999542236328,28.770000457763672,8.729999542236328,31.3799991607666,8.729999542236328,71.5,8.729999542236328,71.5,7.760000228881836,71.5,4124828.525,3651904.82,2830571.5912698414,73052386.48205224,0.1306003369007353,1.5145711217607771,False,False,False,-0.1370142766412253,0.4490418486500211,-0.4136562070415918,0.3055856675337317,-0.7194681855706345,0.1428160561077951,1.457242253727818,80.0,31.0,31.0,10.0,10.0,6.0,6.0,97,95,92,90,34.61538461538461,QURE
2026-03-27,2.470000028610229,2.7300000190734863,2.4100000858306885,2.5999999046325684,16597316.0,0.1650944160116527,1.9701921824151056,2.196563776204681,2.420999999046326,2.703499988714854,3.214799997806549,3.671260010004044,8.000005009770394,1.0499999523162842,5.289999961853027,1.0499999523162842,5.289999961853027,1.0499999523162842,5.289999961853027,1.0499999523162842,8.75,1.0499999523162842,24.950000762939453,1.0499999523162842,123.25,7952062.9,6423916.32,1691427.203319502,34251852.47773762,0.267632406858747,0.4325000303132193,True,True,False,-0.3617570796766576,0.332100257365014,-0.2331573852061899,0.399656507239092,-0.6140625012805685,0.1964770790198361,4.701392341564401,98.0,4.0,4.0,24.0,24.0,9.0,9.0,99,98,97,96,61.53846153846154,RBNE
2026-03-27,12.68000030517578,14.04990005493164,12.585000038146973,14.0,11362248.0,-0.0942856924874442,14.72082434406526,14.673351426880478,14.595399894714356,14.16783323287964,14.098799934387207,11.35229995727539,10.59254998445511,10.800000190734863,18.780000686645508,7.659999847412109,18.780000686645508,5.769999980926514,18.780000686645508,5.769999980926514,18.780000686645508,5.769999980926514,18.780000686645508,4.599999904632568,18.780000686645508,16738886.2,16655542.96,10838779.555555556,363652237.5555712,0.1496769216631732,1.9548499243600028,False,False,False,-0.0238644704699404,0.5079176756333398,0.3949395041061501,0.7270026981622502,0.2468043471044403,0.634736134843433,1.544351567831294,84.0,69.0,69.0,94.0,94.0,84.0,84.0,82,94,97,96,30.76923076923077,RCAT
2026-03-27,1.5800000429153442,1.6198999881744385,1.5549999475479126,1.600000023841858,3842841.0,-0.0062893020461186,1.5285239938904416,1.484481505033826,1.4703999948501587,1.4463333288828533,1.3218000042438507,1.1191000032424927,1.0191999995708465,1.2000000476837158,1.649999976158142,0.8399999737739563,1.649999976158142,0.8299999833106995,1.649999976158142,0.8299999833106995,1.649999976158142,0.8299999833106995,1.649999976158142,0.7200000286102295,1.649999976158142,5332406.025,4814852.82,3147988.257936508,10078769.118396288,0.0733192368756936,0.0882071256637573,True,True,False,0.1879699187467716,0.6181425648369524,0.7954546039508397,0.9357397490413074,0.4363636442452421,0.7312389549292148,1.693909121660882,88.0,94.0,94.0,98.0,98.0,90.0,90.0,91,97,95,93,100.0,REI
2026-03-27,6.929999828338623,7.039899826049805,6.800000190734863,6.860000133514404,35831989.0,0.0058055098154059,6.606330063000224,6.423223837594107,6.386399974822998,6.381333303451538,5.834999990463257,4.990800011157989,4.049800004959106,5.849999904632568,7.039899826049805,4.079999923706055,7.039899826049805,3.680000066757202,7.039899826049805,3.069999933242798,7.039899826049805,2.8499999046325684,7.039899826049805,1.9700000286102293,7.039899826049805,52875894.725,49253919.78,41475411.46428572,243983183.9444067,0.0515037529283239,0.2999927656991141,False,True,False,0.0862068501617734,0.5651916582288381,0.7281794096732537,0.9006778358793207,1.193037860793884,1.1164545412104006,1.2748733010287598,70.0,90.0,90.0,97.0,97.0,98.0,98.0,83,95,95,96,100.0,RIG
2026-03-27,6.429999828338623,6.650000095367432,6.315000057220459,6.460000038146973,735176.0,-0.0153139936074613,6.237586861609037,5.871812738132689,5.602800006866455,5.333333349227905,4.750200009346008,4.393200008869171,2.7984000036120413,3.450000047683716,7.510000228881836,3.220999956130981,7.510000228881836,3.220999956130981,7.510000228881836,1.8029999732971191,7.510000228881836,0.5950000286102295,7.510000228881836,0.2430000007152557,7.510000228881836,2009324.4,1721371.52,1279826.888888889,22968512.07358389,0.0944206078933573,0.5145001070840018,False,True,True,0.3978260786186318,0.7273381116794787,0.3978260786186318,0.7285070984984965,2.8734939503797787,1.9719586189392144,1.569997018694021,85.0,98.0,98.0,94.0,94.0,99.0,99.0,98,97,95,98,96.15384615384616,RLMD
2026-03-27,1.0499999523162842,1.1399999856948853,1.0399999618530271,1.1200000047683716,6195933.0,-0.0948276012675236,1.4594085926092255,1.5612965267304957,1.8034000062942503,1.6733000040054322,1.262340003848076,1.1770899972319604,1.2752700005471709,0.4009999930858612,2.740000009536743,0.3930000066757202,2.740000009536743,0.3930000066757202,2.740000009536743,0.3930000066757202,2.740000009536743,0.3930000066757202,2.740000009536743,0.3930000066757202,2.740000009536743,36962350.825,29914820.66,6761110.448412699,27986361.692001544,0.163061586343806,0.2264285768781389,False,False,False,-0.5394736993455933,0.2396280445903016,0.060606002223795,0.5527576092253971,-0.2605633915144643,0.3764400853444652,5.466905341514962,99.0,1.0,1.0,76.0,76.0,28.0,28.0,99,99,98,97,0.0,RXT
2026-03-27,1.5199999809265137,1.590000033378601,1.5,1.5199999809265137,4850963.0,-0.0065359416014716,1.4989018384806252,1.472993158345001,1.4631199979782104,1.3894999980926517,1.3248800003528596,1.4467900055646896,1.882845002114773,0.8100000023841858,2.0,0.8100000023841858,2.0,0.8100000023841858,2.0,0.8100000023841858,2.2699999809265137,0.8100000023841858,2.2699999809265137,0.8100000023841858,3.5199999809265137,13511436.575,11787753.26,7606422.075396826,20390383.720626187,0.1241670005159309,0.1402857388768877,False,True,True,0.407407333821429,0.7323235760182243,0.0555555003660719,0.5501254316529431,-0.1412429393751385,0.4371849831101628,1.776319594294287,89.0,98.0,98.0,76.0,76.0,38.0,38.0,98,96,95,93,73.07692307692307,SABR
2026-03-27,5.929999828338623,6.25,5.559999942779541,5.980000019073486,14547368.0,-0.0763240252542463,4.895409940737016,4.234934134409092,3.673199996948242,3.59283332824707,3.773099980354309,2.854399993419648,3.1178999930620197,2.7300000190734863,6.835000038146973,1.8200000524520876,6.835000038146973,1.2549999952316284,6.835000038146973,1.2549999952316284,6.835000038146973,1.2549999952316284,6.835000038146973,1.2549999952316284,6.835000038146973,8550501.7,10363043.36,4326575.666666667,44604885.33250685,0.1319178366927449,0.6160000222069877,False,True,False,0.8589340821221196,0.967268836737888,1.707762407944847,1.4112085655066626,0.7648809563934533,0.8984839676903406,1.97627462426598,92.0,99.0,99.0,99.0,99.0,96.0,96.0,98,99,99,99,92.3076923076923,SATL
2026-03-27,51.7599983215332,52.220001220703125,49.25,49.47999954223633,2822817.0,0.0296399015357362,47.33165215239579,43.96894985494593,41.62759994506836,40.71033325195312,38.08439998626709,35.63530002593994,32.95672502040863,31.5,53.27999877929688,28.479999542236328,53.27999877929688,28.209999084472656,53.27999877929688,28.209999084472656,53.27999877929688,28.209999084472656,53.27999877929688,11.0,53.27999877929688,3762647.925,3438516.34,4314578.638888889,158604462.9165346,0.081165003855284,3.724714551653181,False,False,False,0.2811880288761241,0.6666472287811362,0.683799567564227,0.8775483274939723,0.3656991091726052,0.695264317876753,0.8720777252930022,30.0,96.0,96.0,97.0,97.0,88.0,88.0,97,96,94,92,100.0,SEDG
2026-03-27,2.2699999809265137,2.649899959564209,2.234999895095825,2.640000104904175,720426.0,-0.130268171584286,2.338582941732046,2.139894173959978,1.8895999908447263,1.8583333253860477,2.1825999855995177,2.7179699993133544,4.034970016479492,1.2200000286102295,3.289999961853028,1.2200000286102295,4.079999923706055,1.2200000286102295,4.260000228881836,1.2200000286102295,5.829999923706055,1.2200000286102295,7.920000076293945,1.2200000286102295,7.920000076293945,5084255.65,5552282.52,1150106.0555555555,24506708.51669633,0.142135422564634,0.4433500000408718,False,False,True,0.2541436755188897,0.6525750997778755,-0.0696721607816689,0.4848603450517197,-0.5441767124031376,0.2320552638533775,4.420684184246004,98.0,96.0,96.0,47.0,47.0,12.0,12.0,98,96,94,93,76.92307692307693,SER
2026-03-27,10.460000038146973,11.100000381469728,10.229999542236328,10.229999542236328,5014743.0,0.0783505406006201,10.581736847727438,11.24403871072562,12.065400047302246,12.244833374023438,12.39650005340576,11.5632000207901,8.77342500448227,8.925000190734863,16.8799991607666,8.925000190734863,16.8799991607666,6.860000133514404,16.8799991607666,4.614999771118164,16.8799991607666,4.614999771118164,16.8799991607666,4.25,16.8799991607666,3344041.075,3815198.86,3610639.853174603,28929835.16007018,0.0822177647755255,1.0355000495910645,False,False,True,-0.3551171096823112,0.3355552674776231,-0.2257587075546111,0.4035124870860296,0.4527778215614377,0.7395952551703175,0.9261630101545022,35.0,5.0,5.0,25.0,25.0,91.0,91.0,81,71,88,96,26.923076923076923,SGML
2026-03-27,2.2699999809265137,2.650000095367432,2.249000072479248,2.640000104904175,9312581.0,-0.1592592811715288,2.407393696554417,2.3287966045366795,2.18599997997284,2.1836666544278462,2.50579998254776,2.075869993567467,1.714139996469021,1.7999999523162842,3.150000095367432,1.7999999523162842,5.389999866485596,0.628000020980835,5.389999866485596,0.628000020980835,5.389999866485596,0.628000020980835,5.389999866485596,0.628000020980835,5.389999866485596,7485047.025,11987573.62,10926241.98809524,17464847.45299661,0.1306808713606222,0.310714270387377,False,False,True,0.03652964457343,0.5393428595414895,0.0318181507843591,0.5377542018309132,1.2254902189944814,1.1329757255154118,0.6850522835898549,19.0,86.0,86.0,72.0,72.0,98.0,98.0,89,80,99,99,84.61538461538461,SIDU
2026-03-27,4.364999771118164,4.840000152587891,4.315000057220459,4.840000152587891,10099512.0,-0.1181818304420945,4.998170979638231,4.99358019608174,5.136600017547607,4.921500015258789,4.549300022125244,3.44185000538826,2.628125002384186,3.509999990463257,6.139999866485596,3.2300000190734863,6.139999866485596,1.3899999856948853,6.139999866485596,1.3899999856948853,6.139999866485596,1.3899999856948853,6.139999866485596,0.949999988079071,6.139999866485596,7051430.3,7023696.24,4708233.380952381,42804912.79493847,0.1058580906840991,0.531071390424456,False,False,False,-0.1128049383271234,0.4616388195348321,0.5369717968441943,0.8010258796283843,1.7111799579716918,1.3802357133133902,1.4976807072748883,82.0,37.0,37.0,96.0,96.0,99.0,99.0,88,86,98,98,15.384615384615383,SLS
2026-03-27,32.720001220703125,33.154998779296875,32.45000076293945,33.0,4570296.0,0.0012240182115605,29.92131706825591,27.831990565157017,26.304868087768558,25.67795600891113,23.15834671020508,20.85078233718872,22.98886290550232,19.086927124024157,33.16999816894531,17.30217545962686,33.16999816894531,17.30217545962686,33.16999816894531,17.246812985176106,33.16999816894531,17.246812985176106,33.16999816894531,17.246812985176106,33.16999816894531,7927192.4,7701619.92,3563355.53968254,189547956.776236,0.0451076571204331,1.3867856434413366,True,True,False,0.561739338794311,0.81262795063657,0.7627963704367526,0.9187192088586936,0.2325547208414768,0.6274817867830319,2.224642562809277,94.0,98.0,98.0,97.0,97.0,83.0,83.0,97,97,95,93,100.0,SM
2026-03-27,615.8300170898438,638.52001953125,599.3699951171875,599.75,16380845.0,0.0209891648099027,664.8834892961144,655.1823070141633,648.2292016601563,643.1446695963542,602.3682019042968,426.3442012023926,251.9625257110596,517.0,777.5999755859375,235.2400054931641,777.5999755859375,183.0,777.5999755859375,115.68000030517578,777.5999755859375,45.630001068115234,777.5999755859375,27.88500022888184,777.5999755859375,20935771.125,20302676.9,9147176.36904762,12053923720.63066,0.0775533975865845,53.94356863839285,False,False,False,-0.0553305813366689,0.4915447505536185,1.4625320400704291,1.2834014895788337,5.531233546614921,3.3249883566461924,2.28876871728885,94.0,59.0,59.0,99.0,99.0,99.0,99.0,83,98,99,99,57.692307692307686,SNDK
2026-03-27,18.450000762939453,18.489999771118164,17.405000686645508,17.8799991607666,3096831.0,0.0295759310484957,16.926308756063584,15.397565316517952,13.982400093078612,13.121333408355714,11.724000062942505,9.261000003814695,16.070800008773805,6.539999961853027,19.25,6.539999961853027,19.25,3.7200000286102295,19.25,3.7200000286102295,20.739999771118164,3.7200000286102295,29.0,3.7200000286102295,35.0,6869828.275,6964382.62,5392219.964285715,129356753.70385496,0.1386878536025171,1.8135711806161063,False,True,False,1.3324906597786703,1.2136769931134597,0.8711968970957327,0.9752144727259148,-0.0843671904602655,0.4661398813798013,1.2740259708433497,70.0,99.0,99.0,98.0,98.0,44.0,44.0,99,99,99,99,100.0,SOC
2026-03-27,12.710000038146973,12.850000381469728,12.600000381469728,12.75,1798138.0,-0.0039185101753909,12.18203685634512,11.235923461160176,10.475200119018554,10.108666769663492,8.91160005569458,7.729200034141541,6.744050011634827,7.639999866485596,13.020000457763672,6.090000152587891,13.020000457763672,5.96999979019165,13.020000457763672,5.239999771118164,13.020000457763672,5.239999771118164,13.020000457763672,2.7799999713897705,13.020000457763672,2910278.45,2722006.76,1492432.6904761903,35278501.076957606,0.0423173045605982,0.5164286068507603,False,True,False,0.5672010574849267,0.8154698751218269,0.9766719094036072,1.0301850419232197,1.0336000061035158,1.0352862585773466,1.9500232530228327,92.0,99.0,99.0,98.0,98.0,97.0,97.0,97,97,96,97,100.0,SSL
2026-03-27,3.319999933242798,4.75,1.4300999641418457,1.409999966621399,86974719.0,1.4233576070710423,2.013329027296808,2.259614906062306,2.4871999835968017,2.630366643269857,3.179739980697632,3.703079993724823,5.285739996433258,1.350000023841858,4.75,1.350000023841858,4.75,1.350000023841858,5.25,1.350000023841858,8.390000343322754,1.350000023841858,9.300000190734863,1.350000023841858,15.0,2196980.475,1759170.38,399114.2023809524,14511095.51353563,0.2657105588527304,0.5410000085830688,False,False,False,-0.0089552155951661,0.5156754857450833,-0.2798264995467978,0.3753338954365068,-0.5476839422036996,0.230269766800222,5.50464118263322,99.0,74.0,74.0,20.0,20.0,11.0,11.0,99,98,97,97,100.0,SST
2026-03-27,34.869998931884766,38.96080017089844,31.92020034790039,37.46390151977539,1159234.0,-0.0501225878092206,35.34778033778619,34.53348091129527,37.83111084832085,37.83111084832085,37.83111084832085,37.83111084832085,37.83111084832085,11.25,65.04000091552734,11.25,65.04000091552734,11.25,65.04000091552734,11.25,65.04000091552734,11.25,65.04000091552734,11.25,65.04000091552734,7985692.666666667,7985692.666666667,7985692.666666667,342591529.2583991,0.6295706855208361,16.087844212849934,True,True,True,0.0,0.0,0.0,0.0,0.0,0.0,1.0,44.0,0.0,0.0,0.0,0.0,0.0,0.0,99,99,98,98,0.0,SWMR
2026-03-27,16.56999969482422,16.90999984741211,16.415000915527344,16.799999237060547,3176501.0,0.001208486929648,15.413216091046127,14.574308668362782,13.841999969482425,13.73766663869222,13.035199966430664,12.003999996185303,10.556250007152558,10.850000381469728,17.0049991607666,10.32699966430664,17.0049991607666,10.149999618530272,17.0049991607666,8.96500015258789,17.0049991607666,8.710000038146973,17.0049991607666,6.224999904632568,17.0049991607666,2553460.025,2460610.02,2314529.765873016,41303150.28533955,0.044147994104382,0.6453569275992257,False,False,False,0.4321521289440244,0.7451991639283811,0.5036296739126296,0.7836489157798786,0.6487561572486507,0.839365946214219,1.1032305838749332,55.0,98.0,98.0,95.0,95.0,94.0,94.0,96,94,91,92,100.0,TALO
2026-03-27,5.760000228881836,6.21999979019165,5.599999904632568,6.150000095367432,12431277.0,-0.0828025419671734,6.706845405588712,6.9396034581555,7.039599990844726,6.917666657765706,7.385399999618531,6.3519000053405765,4.193950007557869,5.599999904632568,8.53499984741211,5.599999904632568,9.779999732971191,2.5199999809265137,9.779999732971191,2.470000028610229,9.779999732971191,1.4199999570846558,9.779999732971191,0.9200000166893004,9.779999732971191,15653939.425,18298029.54,8942387.21031746,87221168.5497425,0.0938251543002084,0.6423572472163609,False,False,False,-0.209876507678648,0.4111290651169764,-0.182978713042923,0.4258082005171956,1.5374450560703783,1.2917889410701384,1.7505324984070194,89.0,16.0,16.0,30.0,30.0,98.0,98.0,40,31,97,96,7.6923076923076925,TE
2026-03-27,295.6099853515625,302.3949890136719,293.17999267578125,293.3999938964844,2156982.0,-0.0058182922164369,303.1553891121659,301.9791697572066,306.42359741210936,307.8783315022786,288.7700961303711,240.38081649780275,177.6159831237793,263.0199890136719,344.9200134277344,193.319158673463,344.9200134277344,151.34230046981602,344.9200134277344,131.5954798090803,344.9200134277344,109.38138999079376,344.9200134277344,65.52712625475871,344.9200134277344,3802964.55,3592827.64,3584241.595238095,1011364169.95672,0.0572452954726696,17.04392351422991,False,True,True,-0.1114818920787671,0.462327247068603,0.4896166399496087,0.7763457220065519,1.2274183690222862,1.133957328201422,1.0610234965892067,50.0,38.0,38.0,95.0,95.0,98.0,98.0,75,92,95,96,65.38461538461539,TER
2026-03-27,52.91999816894531,53.08000183105469,52.90999984741211,53.040000915527344,7902658.0,-0.004701899729348,50.02373182812055,47.4089028864431,45.6447998046875,44.55066655476888,41.26619995117188,36.90479998588562,21.69190000295639,37.040000915527344,53.18999862670898,33.43000030517578,53.18999862670898,22.6299991607666,53.18999862670898,6.985000133514404,53.18999862670898,6.590000152587891,53.18999862670898,1.8650000095367432,53.18999862670898,4836308.95,4234007.16,2445449.833333333,389261560.1006279,0.051725395451124,2.389142172677176,True,True,False,0.2932551450871508,0.6729261741038751,0.2487021433503429,0.650787955136729,6.11290292499217,3.6211106583091577,1.977676615597444,92.0,96.0,96.0,90.0,90.0,99.0,99.0,94,93,97,99,100.0,TERN
2026-03-27,1.340000033378601,1.4299999475479126,1.1699999570846558,1.3200000524520874,1182570.0,0.0,1.4884031291249271,1.5734284369947866,1.7964800024032592,1.6168333351612092,1.2227600020170213,0.9547699999809264,0.9789899975061416,0.5419999957084656,4.769999980926514,0.4199999868869781,4.769999980926514,0.4099999964237213,4.769999980926514,0.4099999964237213,4.769999980926514,0.4099999964237213,4.769999980926514,0.4099999964237213,6.269999980926514,7383211.75,5928373.4,2764261.313559322,42563754.17748302,0.2818990229568077,0.3841428416115897,False,True,True,0.6183575105270944,0.8420883783283776,1.4907064391408866,1.2980851830888596,0.5599534237246879,0.7941573262960773,2.6709528921103405,96.0,99.0,99.0,99.0,99.0,93.0,93.0,99,99,99,98,46.15384615384615,TMDE
2026-03-27,19.26000022888184,20.40999984741211,18.930299758911133,19.950000762939453,1801419.0,-0.0302114986419985,18.996799564667555,17.594074060037222,16.269999923706056,15.646999931335449,14.266199970245362,11.744899983406066,9.29099998474121,10.800000190734863,21.81999969482422,8.550000190734863,21.81999969482422,7.690000057220459,21.81999969482422,6.690000057220459,21.81999969482422,6.25,21.81999969482422,1.0299999713897705,21.81999969482422,3532657.975,3424408.38,2791001.662698413,73552341.26798658,0.0852187417482013,1.1471212932041712,False,False,True,0.6894737608214851,0.8790926666229298,1.2137931782907327,1.1537658866588911,1.4165622002379878,1.2302486385695246,1.2657312327017871,69.0,99.0,99.0,99.0,99.0,98.0,98.0,98,98,98,98,92.3076923076923,TNGX
2026-03-27,9.119999885559082,9.309800148010254,8.970000267028809,9.050000190734863,2518315.0,0.0122086186329539,8.154823154470748,7.716316573652701,7.399600009918213,7.390664259592692,7.115881814956665,5.588728573322296,4.980448899269104,6.179999828338623,9.309800148010254,4.119708134260009,9.309800148010254,2.8490510367805704,9.309800148010254,2.7976165299450613,9.309800148010254,2.7976165299450613,9.309800148010254,2.7976165299450613,9.309800148010254,4271580.375,4087228.3,3958730.615079365,26999891.52445054,0.0866399077234365,0.6035571779523577,False,True,False,0.2737430279213468,0.6627733327230151,1.1315681515219027,1.1109125470399035,1.3906062277169955,1.2170347019062953,1.0790277971249032,53.0,96.0,96.0,98.0,98.0,98.0,98.0,95,98,98,98,100.0,TROX
2026-03-27,171.9199981689453,179.39999389648438,168.1699981689453,169.3000030517578,4179358.0,-0.0158002898016986,164.00809493386447,151.36639866309838,139.1276007080078,137.2463343302409,135.5018002319336,122.88070014953614,90.30485010147096,108.43000030517578,195.3600006103516,108.43000030517578,195.3600006103516,87.30000305175781,195.3600006103516,70.9000015258789,195.3600006103516,50.84999847412109,195.3600006103516,28.63999938964844,195.3600006103516,3039883.95,2752747.16,1433874.0396825396,550551729.096254,0.0809368312234413,13.40214375087193,False,True,False,0.3882429203233424,0.7223516570947213,0.4037723234698787,0.7316061117804811,1.5152889832768357,1.2805094969128066,2.1200495063520584,93.0,97.0,97.0,94.0,94.0,98.0,98.0,97,93,95,97,92.3076923076923,TSEM
2026-03-27,11.699999809265137,12.470000267028809,11.649999618530272,12.470000267028809,1119459.0,-0.080188713549605,12.00270822065236,11.363144120757903,10.782399921417236,10.31566661198934,10.191599988937378,9.989400005340576,15.096749997138977,7.420000076293945,14.390000343322754,6.869999885559082,14.390000343322754,6.869999885559082,14.390000343322754,6.869999885559082,21.770000457763672,6.869999885559082,21.770000457763672,5.630000114440918,31.940000534057617,1521583.975,1524341.18,2188571.265873016,25609898.492240954,0.1045774948904125,1.3478570665631977,False,False,True,0.3205417903653702,0.6871243761222127,0.5683645776724902,0.8173869019507191,-0.3318104136876826,0.3401689096958093,0.6952407713317226,19.0,97.0,97.0,96.0,96.0,23.0,23.0,97,95,92,90,80.76923076923077,TSSI
2026-03-27,2.5,2.8499999046325684,2.130000114440918,2.200000047683716,7896208.0,0.2755101792567083,2.2794913439944238,2.2916174686346253,2.3610800290107727,2.0823666910330454,1.5879800128936767,1.4751900017261506,2.3838000029325483,0.6570000052452087,6.5,0.5699999928474426,6.5,0.5699999928474426,6.5,0.5699999928474426,6.5,0.5699999928474426,20.450000762939453,0.5699999928474426,20.450000762939453,7721050.2,6186082.16,1997582.174603175,39388900.913092256,0.4703001140381291,0.8932857087680272,False,False,True,2.753753705377288,1.953210183685416,1.5510203585134166,1.329519078244526,-0.5974235129399476,0.2049478283972811,3.8651977866862017,98.0,99.0,99.0,99.0,99.0,10.0,10.0,99,99,99,99,61.53846153846154,TURB
2026-03-27,8.75,9.079999923706056,8.65999984741211,8.760000228881836,7024065.0,-0.0112994776451206,9.222127098465275,9.253214183944106,9.427199935913086,9.102999925613403,8.946799907684326,7.67579993724823,6.60224996805191,6.880000114440918,11.489999771118164,4.869999885559082,11.970000267028809,4.360000133514404,11.970000267028809,4.360000133514404,19.709999084472656,4.139999866485596,19.709999084472656,1.690000057220459,19.709999084472656,13250609.125,14745503.3,10107510.17857143,143449117.52248287,0.1184295161580215,1.1400000708443778,False,True,True,-0.0179573344727476,0.5109913664217375,0.3779527766002861,0.7181497000979196,0.3866878097221733,0.7059494640211008,1.3109666862460492,72.0,71.0,71.0,93.0,93.0,89.0,89.0,89,96,96,94,42.30769230769231,UAMY
2026-03-27,17.610000610351562,28.299999237060547,16.15999984741211,25.100000381469727,3347211.0,-0.3710714067731585,13.892354727401411,9.42438841292636,5.808800067901611,5.322333391507467,4.913300042152405,5.982900021076202,8.147825044393539,2.0199999809265137,37.0,2.0199999809265137,37.0,2.0199999809265137,37.0,2.0199999809265137,37.0,2.0199999809265137,37.0,2.0199999809265137,37.0,7210304.875,5772584.22,1299582.869047619,220261094.67742863,0.4483181687667392,4.852142827851432,False,False,False,6.2172131956472585,3.7553700689987424,1.0417392012001812,1.0640962592620182,0.4523711843588918,0.7393882400706132,5.548168606042007,99.0,99.0,99.0,98.0,98.0,91.0,91.0,99,99,99,99,92.3076923076923,UGRO
2026-03-27,102.23999786376952,104.23500061035156,101.1750030517578,101.51000213623048,787826.0,0.0029428626170153,97.66488856901243,94.46602333081589,94.35839965820313,94.10399958292643,81.59059967041016,67.96389980316162,58.43529991149902,85.94000244140625,104.23500061035156,49.70000076293945,104.23500061035156,48.084999084472656,104.23500061035156,46.70000076293945,104.23500061035156,46.22999954223633,104.23500061035156,27.149999618530277,104.23500061035156,1911388.15,1754190.52,1458177.880952381,101622386.35659257,0.0511023987712486,4.359930310930524,False,True,False,0.0813325707435685,0.5626553990746672,1.055075333945116,1.0710466714197342,1.026560878446507,1.0317027062003794,1.3108058865572787,72.0,90.0,90.0,98.0,98.0,97.0,97.0,83,97,96,96,100.0,VAL
2026-03-27,9.0,10.130000114440918,8.84000015258789,9.720000267028809,2284910.0,-0.0999999999999999,11.677727563528231,12.158953372636187,12.117400093078611,11.728500111897786,12.980300045013427,11.373049993515014,8.463264998197555,8.300000190734863,16.5,8.300000190734863,23.84000015258789,4.019999980926514,23.84000015258789,3.509999990463257,23.84000015258789,2.869999885559082,23.84000015258789,1.4249999523162842,23.84000015258789,2256970.25,2314978.2,932635.1865079365,28236468.33002758,0.148824181072992,1.9874999863760807,False,False,False,-0.1689750633977681,0.4324115262924164,-0.3762993894898351,0.3250549757545815,2.0303030011118977,1.5426981938242323,2.419992600162093,95.0,23.0,24.0,12.0,12.0,99.0,99.0,66,54,97,97,15.384615384615383,VELO
2026-03-27,13.90999984741211,14.029999732971191,13.420000076293944,13.75,2544184.0,0.0466516092805642,13.118142987635462,12.450742421237631,11.955456733703612,11.663258425394694,10.825193405151367,9.639575872421265,8.645290424823761,9.57950024218216,14.81999969482422,7.695333639070198,14.81999969482422,7.695333639070198,14.81999969482422,7.040833183978369,14.81999969482422,7.040833183978369,14.81999969482422,5.03173002004518,14.81999969482422,2669057.1,2469717.68,1531686.0476190476,43677179.08841743,0.0504778881641549,0.6350236853342242,False,True,False,0.3207995089774789,0.6872584761876951,0.7002292432083232,0.886111006010158,0.6981707313523562,0.8645224319486187,1.7425614760602903,89.0,97.0,97.0,97.0,97.0,95.0,95.0,95,96,94,94,100.0,VET
2026-03-27,17.530000686645508,17.565000534057617,16.8799991607666,17.415000915527344,26837272.0,0.042211712526949,15.598607191753022,14.076334733946236,12.827207603454587,12.262508392333984,11.105747604370118,9.111005663871763,11.394853427410126,8.538251858695919,17.6200008392334,6.630875922082008,17.6200008392334,5.712140235130581,17.6200008392334,5.712140235130581,17.6200008392334,5.712140235130581,17.6200008392334,5.712140235130581,19.395523715930075,24149694.3,21916907.44,11075134.80952381,540000483.5151975,0.0980237705161475,1.3372621233472428,False,True,False,0.853655737567705,0.9645223282704,1.427955876452747,1.2653813789086852,0.1934087537453213,0.607552950388591,2.180532762385251,94.0,99.0,99.0,99.0,99.0,81.0,81.0,98,98,98,98,100.0,VG
2026-03-27,34.63999938964844,35.45000076293945,33.551998138427734,34.15999984741211,4451683.0,0.005807223313428,33.78457279380358,32.225675970071805,31.68279975891113,30.828333155314127,27.701599922180176,22.708699979782104,17.046049971580505,25.549999237060547,38.08000183105469,16.979999542236328,38.08000183105469,15.510000228881836,38.08000183105469,12.229999542236328,38.08000183105469,10.779999732971191,38.08000183105469,8.100000381469727,38.08000183105469,5868077.075,5833321.66,3530955.488095238,215806266.64650804,0.0826271998938321,2.418428829738072,False,True,True,0.1585284224612695,0.6028231179895469,0.8970426591155438,0.9886845469973452,1.8185516271088409,1.434897600255057,1.6618949445226552,87.0,94.0,94.0,98.0,98.0,99.0,99.0,93,97,97,98,92.3076923076923,VIAV
2026-03-27,74.20999908447266,74.84500122070312,72.51000213623047,73.25,1911306.0,0.0262757791457441,70.1488830024542,66.775676381216,63.97239990234375,62.69533335367839,59.63439994812012,54.119599990844726,48.02264995574952,52.81499862670898,74.86000061035156,43.709999084472656,74.86000061035156,43.709999084472656,74.86000061035156,33.900001525878906,74.86000061035156,31.6299991607666,74.86000061035156,31.6299991607666,74.86000061035156,1888800.15,1723304.12,1242994.0714285714,156926016.51921004,0.0443020433800009,3.097571236746652,True,False,False,0.3174151725938829,0.6854974868398891,0.5692534922346832,0.8178501788765268,1.0040508109863286,1.0202430467534735,1.519556845375139,83.0,97.0,97.0,96.0,96.0,97.0,97.0,94,95,92,96,100.0,VIST
2026-03-27,275.3399963378906,282.5,270.0,274.8999938964844,6833399.0,0.007280008011492,286.97345417874084,283.29706224124584,279.0117724609375,280.23496704101564,271.47252380371094,221.96015579223632,155.4329635620117,238.0,319.6199951171875,171.1780649684507,319.6199951171875,132.26029506000813,319.6199951171875,112.37581217962334,319.6199951171875,74.38785090146399,319.6199951171875,28.706089689761846,319.6199951171875,10154182.475,10015273.98,8589492.05952381,2484649740.924315,0.0700879790257722,20.74642944335937,False,True,True,-0.024015008528458,0.5078393453826077,0.534148868199879,0.7995546497040071,1.5715258031403525,1.3091391225304536,1.1821633228872133,62.0,69.0,69.0,96.0,96.0,98.0,98.0,80,94,96,97,73.07692307692307,WDC
2026-03-27,113.29000091552734,114.43499755859376,111.8000030517578,111.8000030517578,912481.0,-0.0014983092747845,111.53051509706624,108.7146588103924,107.51634735107422,105.74607416788736,98.88688095092772,84.20210037231445,81.88428321838379,91.30459325133472,116.45999908447266,72.32923704103759,116.45999908447266,55.56038694701404,116.45999908447266,55.56038694701404,116.45999908447266,55.56038694701404,116.45999908447266,55.56038694701404,116.45999908447266,1397567.025,1386515.62,1301645.5595238097,143230561.27083093,0.0475028197660951,4.6724989754813055,False,False,True,0.1346927912150017,0.590420600046484,0.5452642215401393,0.8053476549530586,0.5113063403604463,0.7693915627360322,1.0736924616493004,52.0,93.0,93.0,96.0,96.0,92.0,92.0,87,93,96,95,100.0,WLK
2026-03-27,3.380000114440918,3.400000095367432,3.2699999809265137,3.319999933242798,7811448.0,0.0304878487571378,3.11740206698479,2.999405819818882,2.962986650466919,2.869815540313721,2.5742386507987978,2.168061102628708,2.0150338822603224,2.102966515746904,4.02653339818072,1.4950000047683716,4.02653339818072,1.4950000047683716,4.02653339818072,1.4950000047683716,4.02653339818072,1.4950000047683716,4.02653339818072,1.0670442975071144,4.02653339818072,7212198.7,6210324.96,2658589.873015873,35037858.23101525,0.1184094635629786,0.3457166592901914,False,True,False,0.3247282866427694,0.6893027574985037,1.0429545420484034,1.0647296602613043,0.7304403937398616,0.8809506075674449,2.712791007444321,96.0,97.0,97.0,98.0,98.0,95.0,95.0,97,98,97,96,100.0,WTI
2026-03-27,47.43999862670898,51.790000915527344,46.91350173950195,51.33000183105469,3630681.0,-0.1116105379937407,50.09671903923368,47.68771855304137,46.90570281982422,44.58316599527995,40.06611515045166,37.63002918243408,34.498367357254025,31.56917155039241,56.5099983215332,30.745453759643013,56.5099983215332,30.745453759643013,56.5099983215332,29.108561573550727,56.5099983215332,29.108561573550727,56.5099983215332,22.559372773626844,56.5099983215332,2003094.525,1857933.62,1708158.6547619049,93751950.10133572,0.0513182743867326,2.745750154767717,False,False,True,0.0144715903176746,0.5278652774766597,0.3204945163227635,0.6882040930443473,0.3179123632132359,0.6709365438379172,1.172663042402935,62.0,83.0,83.0,92.0,92.0,87.0,87.0,96,93,88,88,84.61538461538461,YOU
2026-03-27,41.63999938964844,43.209999084472656,41.375,43.0,510654.0,-0.0390030549270603,42.21114522390786,40.52465629389423,38.51,37.20399996439616,36.84579998016358,35.41080017089844,35.208400087356566,22.450000762939453,50.54999923706055,22.450000762939453,50.54999923706055,22.450000762939453,50.54999923706055,22.450000762939453,50.54999923706055,22.450000762939453,50.54999923706055,22.450000762939453,50.54999923706055,1304843.85,1158867.08,705977.1984126985,70800800.34138756,0.0604068155579802,1.9146428789411272,False,False,True,0.5059674489739396,0.7836078732126088,0.1819472021203783,0.6159971830301318,0.1417602960213346,0.5812592159285831,1.8482804443738103,90.0,98.0,98.0,86.0,86.0,77.0,77.0,98,96,94,93,84.61538461538461,ZD
