date,close,high,low,open,volume,price_chg_pct0,ema20,sma25,sma30,sma50,sma100,sma200,min30,max30,min60,max60,min90,max90,min120,max120,min150,max150,min252,max252,vol_sma40,vol_sma50,vol_sma252,avg_dollar_vol,adr_pct,perf_1mo,rela_perf_1mo,perf_3mo,rela_perf_3mo,perf_6mo,rela_perf_6mo,vol_ratio,vol_ratio_rank,perf_1mo_rank,rela_perf_1mo_rank,perf_3mo_rank,rela_perf_3mo_rank,perf_6mo_rank,rela_perf_6mo_rank,c0_c30_rank,c0_c60_rank,c0_c90_rank,c0_c120_rank,rs_sts_pct,ticker
2026-03-06,114.33000183105467,114.8000030517578,114.23999786376952,114.31999969482422,1179102.0,-0.00026231881022,97.1283003333784,86.58240020751953,83.52400029500326,76.56180023193359,78.60145004272461,74.76912490844727,63.14500045776367,114.8000030517578,60.35499954223633,114.8000030517578,60.35499954223633,114.8000030517578,60.35499954223633,114.8000030517578,60.35499954223633,114.8000030517578,47.86000061035156,114.8000030517578,2694135.05,2306092.04,1027969.8492063492,493021195.2206894,0.0230517378205326,0.6478813254121638,0.8325715615906824,0.5674526734887022,0.7900527955823894,0.5843957321067659,0.7779633026200299,2.620830807518357,95.0,99.0,99.0,96.0,96.0,91.0,91.0,98,96,94,92,100.0,ACLX
2026-03-06,131.8699951171875,132.6300048828125,130.16000366210938,130.97999572753906,4543328.0,-0.0012874748378464,129.11501939757167,127.0104183959961,125.43410517374674,121.50878814697266,119.49610916137696,112.6536217880249,114.653459179283,134.60000610351562,111.65715170302424,134.60000610351562,111.65715170302424,134.60000610351562,104.05035433602374,134.60000610351562,104.05035433602374,134.60000610351562,95.1544401738344,134.60000610351562,3584685.7,3450072.56,3542821.1428571427,484342348.8652771,0.0209243735298236,0.1077901372151348,0.5596972004190133,0.125806033074517,0.5674469275900935,0.2330698398600312,0.6054567464045777,1.0118167289441813,47.0,86.0,86.0,79.0,79.0,81.0,81.0,70,64,53,64,100.0,AEP
2026-03-06,212.32000732421875,212.8350067138672,207.50999450683597,211.28500366210935,673178.0,0.0033078736564737,208.7134114443853,207.15485229492188,205.13655649820964,204.1272470092773,202.9335391235352,201.30477645874024,190.66524469661687,215.6587721691717,190.16775902904115,215.6587721691717,186.25446046357,215.6587721691717,186.25446046357,215.6587721691717,186.25446046357,215.6587721691717,172.60276012250307,215.6587721691717,1847906.95,1686727.56,1618151.5,350716940.8300873,0.0264142483316403,0.0302932609794883,0.5205428667477011,0.0228853494831544,0.5155711834799843,0.0291413950347598,0.5053246624690322,1.141986365306339,62.0,73.0,73.0,60.0,60.0,57.0,57.0,62,50,44,41,100.0,ALL
2026-03-06,22.96999931335449,23.049999237060547,22.690000534057617,22.940000534057617,1339996.0,0.0048118416476821,21.63714596199328,21.02640007019043,20.61819871266683,19.41757858276367,18.52141302108765,18.133511037826537,18.15955636907522,23.100000381469727,16.913681907450417,23.100000381469727,16.756587847598336,23.100000381469727,16.756587847598336,23.100000381469727,16.756587847598336,23.100000381469727,14.322661656034432,23.100000381469727,3006814.9,2794309.92,2830331.333333333,72866530.49953651,0.025374359400508,0.2244135945153764,0.6186197529506895,0.2851761751466124,0.6477752388724878,0.3012184321040172,0.6389187804259269,1.0623543839508072,53.0,94.0,94.0,90.0,90.0,84.0,84.0,86,84,78,74,100.0,AM
2026-03-06,40.43999862670898,40.59629821777344,39.34249877929688,39.68999862670898,23621873.0,0.0290076186203434,38.38640378235774,38.21441955566407,37.98743120829264,36.57606056213379,35.585112495422365,33.51461780548096,35.65796596350485,40.59629821777344,32.79506603604331,40.59629821777344,32.79506603604331,40.59629821777344,31.85973935932297,40.59629821777344,30.31634737916431,40.59629821777344,23.81734063877151,40.59629821777344,10062756.825,9697171.46,9227281.242063493,421674518.39828855,0.0211403708793791,0.0449998117224557,0.5279731687535949,0.0999996990879978,0.5544396026133186,0.2108437594979952,0.594543390269898,1.090544068292609,57.0,77.0,77.0,75.0,75.0,79.0,79.0,67,72,63,64,100.0,BP
2026-03-06,32.04999923706055,32.150001525878906,31.670000076293945,32.16999816894531,665843.0,-0.0098856875311483,31.89023066544968,31.89959983825684,31.619666481018065,30.57533878326416,29.60977748870849,28.72332027435303,29.540000915527344,32.81999969482422,27.059999465942383,32.81999969482422,26.768260267139954,32.81999969482422,26.768260267139954,32.81999969482422,26.3416388748471,32.81999969482422,23.15762478413131,32.81999969482422,1273073.575,1234088.86,980363.265873016,40741937.896985054,0.0209154916458469,0.0305465866218077,0.5206708563804279,0.0846769339214783,0.5467163752007057,0.0766698351461585,0.5286618764542503,1.2985733139096405,74.0,73.0,73.0,73.0,73.0,65.0,65.0,53,64,56,53,94.73684210526316,CDP
2026-03-06,31.90999984741211,31.96999931335449,30.989999771118164,31.38999938964844,20088116.0,0.0098101095632949,31.13295387905643,31.230000076293944,30.86100006103516,29.69488826751709,27.84752878189087,29.315349531173705,27.57999992370605,32.86000061035156,24.501893608966864,32.86000061035156,23.8534504618542,32.86000061035156,23.8534504618542,32.86000061035156,23.8534504618542,32.86000061035156,23.8534504618542,34.18692099251421,32656765.4,31320027.74,29153067.14285714,839257639.041975,0.0247618361324275,0.0462295031938395,0.5285944550882457,0.2558189426098527,0.6329781326960017,0.025412218956804,0.5034935781768519,1.1201828349646328,60.0,77.0,77.0,89.0,89.0,56.0,56.0,72,80,75,72,100.0,CMCSA
2026-03-06,46.310001373291016,46.84000015258789,45.43000030517578,45.9900016784668,12050573.0,0.0218446973771684,42.32221336123636,41.28279998779297,40.52999979654948,37.643999938964846,35.00840000152588,33.22478307723999,35.63999938964844,46.84000015258789,30.1299991607666,46.84000015258789,30.1299991607666,46.84000015258789,29.68000030517578,46.84000015258789,29.299999237060547,46.84000015258789,24.328574479603173,46.84000015258789,9454794.325,9370293.46,7222184.813492063,399140045.4603189,0.0274155293476476,0.2019206550864083,0.6072554748219494,0.3568707859360287,0.6839119137720875,0.4767219538256206,0.7250937786370331,1.3091321489498726,75.0,93.0,93.0,92.0,92.0,90.0,90.0,88,92,86,85,100.0,CNQ
2026-03-06,117.06999969482422,119.45500183105467,116.5999984741211,118.7699966430664,9535058.0,0.0021400445185164,111.6210181961408,110.12767547607422,108.33947474161783,103.07858184814454,95.84555770874024,93.43257316589356,96.93563849336964,122.5,90.04922934698168,122.5,84.12862177846608,122.5,84.12862177846608,122.5,84.12862177846608,122.5,77.2345748334208,122.5,9115178.95,8620443.16,7924541.896825396,1010569915.3610388,0.0258578739121886,0.09658010996817,0.5540334734584901,0.2850567319847632,0.6477150352022091,0.2433514208081939,0.6105051648700528,1.1502467989539655,63.0,84.0,84.0,90.0,90.0,81.0,81.0,79,80,79,76,94.73684210526316,COP
2026-03-06,998.0999755859376,1002.5,960.4600219726562,967.0050048828124,2481597.0,0.0158054572661043,991.296692014266,991.0215966796876,987.3469991048177,956.7597985839844,932.5646380615234,949.944700012207,930.2999877929688,1028.43994140625,844.0599975585938,1028.43994140625,844.0599975585938,1028.43994140625,844.0599975585938,1028.43994140625,844.0599975585938,1028.43994140625,844.0599975585938,1064.0981417601242,2443384.925,2366993.94,2416999.1944444445,2090272954.843109,0.0212143140211722,0.0201870501281218,0.5154368293040263,0.0822327380752265,0.5454844121603263,0.0456240480736398,0.5134179051698419,1.0109167312162135,47.0,71.0,71.0,72.0,72.0,60.0,60.0,49,64,54,50,94.73684210526316,COST
2026-03-06,31.030000686645508,31.82999992370605,30.8700008392334,31.5,8505276.0,-0.0038522932055954,30.44736812242051,30.57399993896484,30.08433329264323,28.38520000457764,26.813021068573,25.484063215255738,27.0,32.66999816894531,24.68000030517578,32.66999816894531,22.994753135658016,32.66999816894531,22.14199362570542,32.66999816894531,22.14199362570542,32.66999816894531,21.87424334467546,32.66999816894531,11265564.4,10294899.52,8227979.666666667,239109624.90872687,0.0301795819113874,0.017710754987898,0.5141857119571265,0.1424889860447531,0.5758557388133178,0.2830453446097118,0.6299955077362982,1.3691774720396124,78.0,70.0,70.0,80.0,80.0,83.0,83.0,70,76,76,77,94.73684210526316,CTRA
2026-03-06,22.729999542236328,23.8799991607666,22.670000076293945,23.540000915527344,20912134.0,-0.0244635070166692,21.953220535859103,21.684399795532222,21.31599979400635,19.66039989471436,18.55029993057251,16.882906756401063,18.6200008392334,23.8799991607666,15.630000114440918,23.8799991607666,15.630000114440918,23.8799991607666,15.630000114440918,23.8799991607666,14.479999542236328,23.8799991607666,10.125713382834968,23.8799991607666,14445965.85,13929294.68,13704747.357142856,349760631.85316503,0.0354311880445428,0.1208086179801837,0.5662746260460584,0.2475302084987565,0.6288003111470196,0.3792475833498645,0.6772323248099044,1.054084798029555,52.0,87.0,87.0,88.0,88.0,87.0,87.0,81,89,83,80,94.73684210526316,CVE
2026-03-06,52.90999984741211,53.38999938964844,52.02999877929688,53.27999877929688,2761964.0,-0.0054511449505347,51.21586248524,50.74959991455078,49.5933334350586,45.054600143432616,39.54980007171631,36.48904997825623,41.93999862670898,54.2400016784668,34.0099983215332,54.2400016784668,31.479999542236328,54.2400016784668,29.149999618530277,54.2400016784668,29.149999618530277,54.2400016784668,26.0,54.2400016784668,2573639.1,2407491.28,2408744.698412698,134523314.92422026,0.0300641356943471,0.1032110270523762,0.5573836619134719,0.4452335144854296,0.7284499224127963,0.675958199520873,0.8229219187675251,1.0684565706344733,54.0,85.0,85.0,94.0,94.0,93.0,93.0,85,92,91,91,94.73684210526316,DAR
2026-03-06,150.1300048828125,150.30999755859375,146.70899963378906,147.89999389648438,1865662.0,0.0100242565882828,144.84024368296753,142.51400024414062,141.3463333129883,137.33159973144532,136.03291885375975,135.1435974121094,132.2100067138672,154.6300048828125,126.2300033569336,154.6300048828125,126.2300033569336,154.6300048828125,126.2300033569336,154.6300048828125,126.2300033569336,154.6300048828125,120.62319833092798,154.6300048828125,1692841.55,1563881.24,1439641.515873016,233045417.3300476,0.0228628469542115,0.1063375700743318,0.5589633089220445,0.1374806685097263,0.5733313657737761,0.1194637635087116,0.5496743704709746,1.175877141173885,65.0,86.0,86.0,80.0,80.0,71.0,71.0,67,65,55,51,100.0,DTE
2026-03-06,44.47999954223633,45.470001220703125,44.185001373291016,44.93000030517578,12933296.0,-0.000898493151753,43.3330943776681,43.48399963378906,42.786333084106445,40.26159980773926,37.43819730758667,35.321136770248415,38.11000061035156,46.150001525878906,34.22999954223633,46.150001525878906,31.447546610213564,46.150001525878906,31.268698997447764,46.150001525878906,31.23048136457613,46.150001525878906,25.36823167281486,46.150001525878906,11645144.9,10697195.92,8764353.158730159,492209174.3432884,0.030302383253584,0.0251209994911392,0.5179296459059435,0.1877515214158449,0.5986696924400557,0.2669337258526771,0.6220844487219503,1.3286941647713373,76.0,72.0,72.0,84.0,84.0,82.0,82.0,74,80,81,78,100.0,DVN
2026-03-06,12.920000076293944,13.220000267028809,12.770000457763672,12.859999656677246,5538295.0,0.0245836977047455,12.205636617485004,12.221599960327149,12.310999997456868,11.748999996185304,10.671900024414064,9.828199996948245,11.5600004196167,13.270000457763672,9.199999809265137,13.270000457763672,9.100000381469728,13.270000457763672,8.569999694824219,13.270000457763672,8.270000457763672,13.270000457763672,7.384611386471877,13.270000457763672,3252539.875,3142119.9,2428319.821428572,38299033.33155108,0.0375919111478781,0.0512611974285091,0.5311366560718984,0.2754195390260376,0.6428575416603711,0.4292035542935546,0.7017614947346846,1.3394198928403689,76.0,78.0,78.0,89.0,89.0,88.0,88.0,63,87,81,82,100.0,EC
2026-03-06,112.27999877929688,112.54499816894533,110.0,110.9800033569336,1745362.0,0.0141811914714793,110.37216467152332,109.95603546142578,108.9919647216797,105.3229005432129,101.62451736450195,100.16798454284668,102.16736238900714,114.35163221629762,94.44800395449175,114.35163221629762,93.9729331359038,114.35163221629762,93.73678367905984,114.35163221629762,93.73678367905984,114.35163221629762,93.73678367905984,114.35163221629762,2359461.55,2154395.24,2452241.515873016,303061835.7474014,0.0226420343082929,0.0441233437569972,0.527530344205836,0.17327211843151,0.5913715500465909,0.1667132027563951,0.5728745906301105,0.9621652413628656,40.0,77.0,77.0,83.0,83.0,76.0,76.0,58,65,56,53,100.0,ED
2026-03-06,131.41000366210938,134.0,130.77499389648438,132.80999755859375,6915584.0,0.0029001365057825,122.85971926112704,120.1923992919922,118.4143325805664,113.05575744628906,109.62131057739258,112.41669883728028,106.45999908447266,134.0,100.63071299514228,134.0,100.63071299514228,134.0,100.63071299514228,134.0,100.63071299514228,134.0,98.85562493695356,134.0,5443979.6,4960909.68,4002478.111111111,724570168.4084504,0.0281054641696401,0.14598417860355,0.5789942651965746,0.1896932591951305,0.5996483984557202,0.1014515367122652,0.5408300829220101,1.3601522479004189,77.0,90.0,90.0,85.0,85.0,69.0,69.0,83,80,72,68,100.0,EOG
2026-03-06,33.59000015258789,33.63999938964844,32.474998474121094,32.81999969482422,10412771.0,0.0576196445377192,29.544279665929896,28.61414047241211,28.144089380900063,26.37031105041504,24.674194087982176,24.40126320838928,24.99647324908889,33.63999938964844,21.966897035157224,33.63999938964844,21.966897035157224,33.63999938964844,21.966897035157224,33.63999938964844,21.966897035157224,33.63999938964844,20.170746975195343,33.63999938964844,6102951.775,5560469.42,4220924.884920635,189375568.6690153,0.0237563393525785,0.2705557491079295,0.6419325031541496,0.4546234723150191,0.7331828005144083,0.4376992611098236,0.7059330208243741,1.4458802137898628,81.0,95.0,95.0,94.0,94.0,89.0,89.0,91,91,86,83,100.0,EQNR
2026-03-06,61.959999084472656,62.9900016784668,61.709999084472656,62.27000045776367,6548283.0,0.0047024635015049,59.41326416037276,58.4402978515625,57.96180826822917,55.88977203369141,56.081051445007326,54.93389469146729,53.54905439410323,63.060001373291016,49.121533686937255,63.060001373291016,49.121533686937255,63.060001373291016,48.19096199041668,63.060001373291016,48.19096199041668,63.060001373291016,43.05909267327092,63.060001373291016,10772197.075,10016563.66,8512292.392857144,553058860.7505772,0.0311813513614012,0.1215641036335146,0.5666563257840512,0.0157700862411738,0.5119848336585765,0.2030649842584393,0.5907238888959218,1.265487201078665,71.0,87.0,87.0,57.0,57.0,79.0,79.0,72,76,67,66,100.0,EQT
2026-03-06,74.44000244140625,74.7699966430664,73.06999969482422,73.51000213623047,1307727.0,0.0077162538734383,72.63893819192823,71.33571350097657,70.96992696126303,69.61455017089844,69.19534252166748,66.4642900276184,65.903224348939,75.6106013364596,63.4491794237026,75.6106013364596,62.089794012199576,75.6106013364596,60.8501423292139,75.6106013364596,59.53425247778669,75.6106013364596,49.963413553024296,75.6106013364596,2672975.675,2463982.54,2666113.5992063493,197990644.48776245,0.0257665910302444,0.1023890896810528,0.5569683882707529,0.1531115101494375,0.5812098748628408,0.2131099173693977,0.5956561095395658,1.0025738122320418,46.0,85.0,85.0,82.0,82.0,79.0,79.0,66,62,57,57,100.0,ES
2026-03-06,104.6999969482422,105.69000244140624,103.80999755859376,104.48999786376952,1287438.0,-0.0073948273024977,103.48874745917638,102.16672058105468,100.94333419799804,97.75503677368164,95.92456771850586,90.7198885345459,91.68704753489595,107.93000030517578,90.2763220818801,107.93000030517578,90.2763220818801,107.93000030517578,86.23363353889893,107.93000030517578,85.26649791188241,107.93000030517578,73.55306562686843,107.93000030517578,2753423.45,2532128.76,3018308.880952381,293620383.7682892,0.0219273086904658,0.0883871117151344,0.5498940629048003,0.1182993148773277,0.5636632703239775,0.2031282369729632,0.5907549469767367,0.912240449403972,34.0,83.0,83.0,78.0,78.0,79.0,79.0,69,60,49,56,94.73684210526316,ETR
2026-03-06,83.36000061035156,83.80000305175781,82.02999877929688,82.31999969482422,1719908.0,0.0055488428951242,81.62328120215852,80.61560119628906,79.9260009765625,77.51340072631837,76.57122940063476,73.0139735031128,74.81999969482422,85.2300033569336,71.41000366210938,85.2300033569336,71.41000366210938,85.2300033569336,70.54648015497914,85.2300033569336,69.08203732832355,85.2300033569336,60.19014237370753,85.2300033569336,2303192.7,2142440.16,2291930.587301587,192515404.238356,0.0215377932944247,0.0793732615171203,0.5453399271065636,0.1220891046311523,0.5655734613238846,0.1753592586245789,0.5771199404764558,1.0049138105494166,46.0,82.0,82.0,78.0,78.0,76.0,76.0,62,61,50,50,94.73684210526316,EVRG
2026-03-06,49.36000061035156,49.459999084472656,48.33000183105469,48.5,11572326.0,0.0120976039993858,47.57791082606653,46.61732025146485,46.20510177612304,45.09372200012207,45.18074069976807,44.04588869094849,42.882807195557206,49.52000045776367,42.396966320680974,49.52000045776367,42.396966320680974,49.52000045776367,41.85305023043215,49.52000045776367,41.85305023043215,49.52000045776367,40.63604677740564,49.52000045776367,9390430.65,8386812.52,7424375.5,498628162.30564654,0.022870358231489,0.1462734367470051,0.5791404092789701,0.117706620311752,0.5633645308427928,0.1586834267096752,0.5689318438995958,1.2648108450333635,71.0,90.0,90.0,78.0,78.0,75.0,75.0,71,60,50,49,100.0,EXC
2026-03-06,106.83999633789062,108.7300033569336,106.0500030517578,107.9499969482422,2607315.0,0.001593683058624,105.71556086412753,105.4635641479492,106.12769953409833,106.0257781982422,108.34654220581056,105.95050464630128,97.81588611059126,113.6096566229212,97.81588611059126,118.93060275642291,97.6519068762818,125.9333639584152,93.71752045196992,125.9333639584152,90.08501769659212,125.9333639584152,89.75510406555482,125.9333639584152,3856312.875,3532064.3,3706738.154761905,443714548.2005997,0.0362238600845055,-0.0161793263172359,0.4970631695267161,-0.1258574067867697,0.4405994587183495,0.1167281567372795,0.5483311443845579,1.0403521139053058,51.0,52.0,52.0,30.0,30.0,71.0,71.0,56,43,33,41,94.73684210526316,EXE
2026-03-06,180.5399932861328,183.02999877929688,179.30999755859375,182.5800018310547,4812252.0,0.0083780163999602,171.27917760329962,169.6268389892578,167.53256225585938,159.74551788330078,153.0606950378418,146.54024475097657,150.17236403996364,183.02999877929688,138.5816343155026,183.02999877929688,135.28387636798738,183.02999877929688,132.5886698826398,183.02999877929688,132.5886698826398,183.02999877929688,110.97170909755448,183.02999877929688,2510966.3,2312765.04,2215522.8253968256,513460853.83505857,0.0332251610180232,0.0747331099852368,0.5429955482078275,0.146730391415244,0.5779935604055296,0.2811421304984176,0.6290609995792693,1.1333515823969256,61.0,81.0,81.0,81.0,81.0,83.0,83.0,79,80,75,74,100.0,FANG
2026-03-06,363.489990234375,364.2799987792969,354.5199890136719,360.2200012207031,845777.0,0.0077348986219119,356.3355295406983,353.62199951171874,354.68699951171874,353.8505029296875,346.6331854248047,325.51125366210937,337.32000732421875,369.0,331.6950053566064,369.7000122070313,330.72894277112187,369.7000122070313,318.20578678884965,369.7000122070313,303.45115845758863,369.7000122070313,234.67168941326415,369.7000122070313,1426029.425,1347133.54,1250882.0515873015,438718455.8138733,0.0248811484503306,0.0286385240881343,0.5197068314966119,0.0795518299696169,0.5441331375863883,0.1368908028966049,0.5582313217694153,1.1400190954778238,62.0,73.0,73.0,72.0,72.0,73.0,73.0,50,44,34,41,100.0,GD
2026-03-06,47.08000183105469,47.47999954223633,45.75,46.150001525878906,3191566.0,0.0179459855363175,44.52144524315944,43.90399993896485,43.32899996439616,41.40879981994629,39.74406814575195,40.20186725616455,39.650001525878906,47.47999954223633,36.5099983215332,47.47999954223633,35.02000045776367,47.47999954223633,35.02000045776367,47.47999954223633,35.02000045776367,47.47999954223633,29.026488009558367,47.47999954223633,1494389.15,1359325.32,1492842.325396825,86996353.42583466,0.0311445151050986,0.1601774200765495,0.5861652240726655,0.2321382611649034,0.6210422134218093,0.0807016179692714,0.5306415454327479,1.0010361607363747,46.0,91.0,91.0,87.0,87.0,66.0,66.0,77,79,76,72,100.0,GLNG
2026-03-06,39.2599983215332,39.31999969482422,38.560001373291016,39.0099983215332,1381794.0,0.0100334293893824,37.80843824809219,37.12637130737305,36.74858589172364,35.49440444946289,34.03641445159912,35.41478581428528,33.81819553307798,39.900001525878906,32.467423082700904,39.900001525878906,31.071627495179868,39.900001525878906,30.26868494826821,39.900001525878906,30.26868494826821,40.837269047306144,30.26868494826821,41.49532708882943,1522774.85,1437527.88,1472998.388888889,52292707.33317604,0.0218521457789244,0.111992256075899,0.5618202687540592,0.174511198216146,0.5919960910387105,-0.0061605499417752,0.4879908505012749,1.033792610695697,50.0,86.0,86.0,83.0,83.0,49.0,49.0,73,69,67,68,100.0,HESM
2026-03-06,18.38999938964844,18.38999938964844,18.040000915527344,18.34000015258789,1733291.0,0.0,18.03424014535148,17.668270874023438,17.478700002034504,17.228267555236815,17.38959295272827,16.620472021102906,16.098524398296586,18.82999992370605,16.098524398296586,18.82999992370605,16.098524398296586,18.82999992370605,16.098524398296586,18.82999992370605,14.68684093125136,18.82999992370605,13.525333428064728,18.82999992370605,3897322.275,3588663.82,3500665.837301587,78199133.40036353,0.0233030348258431,0.1250951615681226,0.5684403489253709,0.0502579770494868,0.5293679770272393,0.0795851253346531,0.5300933299334397,1.1133088549817616,59.0,88.0,88.0,67.0,67.0,66.0,66.0,69,56,45,41,94.73684210526316,HR
2026-03-06,366.6099853515625,367.3299865722656,355.2699890136719,360.0,1457385.0,0.0180782536453929,356.640426272779,352.5052014160156,353.2806681315104,340.705400390625,313.3136611938477,289.4109755706787,329.2799987792969,379.2300109863281,276.1099853515625,379.2300109863281,272.1400146484375,379.2300109863281,272.1400146484375,379.2300109863281,264.9719090848949,379.2300109863281,193.09401045959063,379.2300109863281,1618464.625,1470501.7,1340526.924603175,462310105.6598816,0.0278317612972711,0.0812220999571042,0.5462740297530156,0.3199755103404202,0.6653153614671204,0.3544889190360583,0.6650754299964996,1.2073346646723273,67.0,82.0,82.0,91.0,91.0,86.0,86.0,62,82,76,72,94.73684210526316,LHX
2026-03-06,671.77001953125,672.8599853515625,656.4000244140625,661.6500244140625,1858266.0,0.0256030832538167,646.1151729941129,643.4222729492187,635.236875406901,592.0215570068359,530.1684365844726,492.39356506347656,570.8117625756291,692.0,453.4900436573336,692.0,434.9577047282421,692.0,434.9577047282421,692.0,408.7064623820716,692.0,401.953508862233,692.0,1899151.65,1812475.32,1609970.5,1050895379.8085938,0.0257621653289175,0.1203635398637621,0.5660497558586823,0.5114376639145817,0.7618192063601326,0.4894111528832994,0.73132437558101,1.179618912271995,65.0,87.0,87.0,95.0,95.0,90.0,90.0,75,90,87,84,100.0,LMT
2026-03-06,6.989999771118164,7.065000057220459,6.985000133514404,7.019999980926514,1600065.0,-0.0127118860957247,6.727788856701292,6.495599975585938,6.336333322525024,6.142399978637696,5.690549988746643,5.858999993801117,5.28000020980835,7.139999866485596,5.111999988555908,7.139999866485596,4.869999885559082,7.139999866485596,4.610000133514404,7.139999866485596,4.610000133514404,7.139999866485596,4.610000133514404,8.600000381469727,2788446.625,2426917.3,1777913.353174603,31132282.08784056,0.0206332284984498,0.1867572036616884,0.5995943294244641,0.3238635404091932,0.667275069136192,0.2393616908848939,0.6085461445288624,1.568381619959719,85.0,92.0,92.0,91.0,91.0,81.0,81.0,90,85,82,83,94.73684210526316,MCW
2026-03-06,20.96999931335449,21.38999938964844,20.82999992370605,21.38999938964844,1358848.0,-0.0136406826154863,20.60986314979375,20.53800003051758,20.520000076293947,20.339600105285644,20.076760158538814,18.32215288162232,19.81999969482422,21.38999938964844,18.959999084472656,21.38999938964844,18.81519385640993,21.38999938964844,15.64788683520066,21.38999938964844,15.632599789688204,21.38999938964844,14.69139104537764,21.38999938964844,1877876.2,1945004.96,1958880.349206349,35390045.03566857,0.0223039078230473,-0.002853132255441,0.5037960634730165,0.0434903806911475,0.5259568638799575,0.3116914500636052,0.6440611974844518,0.9586477299447266,40.0,58.0,59.0,65.0,65.0,84.0,84.0,44,47,38,72,94.73684210526316,MDU
2026-03-06,29.21999931335449,29.670000076293945,29.0049991607666,29.459999084472656,2322812.0,0.0010277073911619,27.364989380647128,27.012565231323244,26.61647605895996,24.82796268463135,23.66311616897583,23.413112306594847,23.641087485375184,29.670000076293945,20.93754414503821,29.670000076293945,20.93754414503821,29.670000076293945,20.93754414503821,29.670000076293945,20.93754414503821,29.670000076293945,18.59692779051861,29.670000076293945,3207787.8,2872922.24,2682807.984126984,91274464.4659176,0.0336778688210313,0.1139778351809348,0.5628234579222647,0.2515059011883742,0.6308042039451466,0.2032543651827176,0.590816877917742,1.1956829631412664,67.0,87.0,87.0,88.0,88.0,79.0,79.0,83,86,79,76,100.0,MGY
2026-03-06,221.27999877929688,221.3600006103516,214.25010681152344,217.75,2701895.0,0.0180345885072592,203.04786788452628,199.98920837402343,195.42881978352864,185.63342376708985,186.6620831298828,178.8725089263916,169.23189867992284,228.5500030517578,161.12252444304042,228.5500030517578,161.12252444304042,228.5500030517578,161.12252444304042,228.5500030517578,155.55856707956505,228.5500030517578,112.683054559572,228.5500030517578,2408309.875,2338375.9,2327363.869047619,491965796.6459427,0.0379001846441713,0.1351007965301862,0.5734955716508229,0.1739901440824625,0.5917334609243032,0.2487913850669867,0.6131762731513646,1.034780124856671,50.0,89.0,89.0,83.0,83.0,81.0,81.0,89,85,78,74,100.0,MPC
2026-03-06,56.31999969482422,56.54999923706055,54.81999969482422,55.77999877929688,2333968.0,0.0238138777179024,50.70979686814805,49.231753540039065,48.22398529052735,45.73703910827637,43.440092964172365,45.18429746627808,41.57341598422298,56.54999923706055,39.41981972285131,56.54999923706055,36.5080528981133,56.54999923706055,36.5080528981133,56.54999923706055,36.5080528981133,56.54999923706055,34.112455898374385,56.54999923706055,1977904.2,1811061.36,1836258.603174603,105796033.68274689,0.0388061369498389,0.2084513631875197,0.6105550339335106,0.2815916582024096,0.6459685127872422,0.1456687343972527,0.5625414246319974,1.0771381528617558,55.0,93.0,93.0,90.0,90.0,74.0,74.0,91,88,87,84,100.0,MTDR
2026-03-06,46.459999084472656,46.86000061035156,46.02000045776367,46.65999984741211,3267438.0,-0.0123299706582964,46.10632479007034,45.67679977416992,45.42033322652181,44.21199996948242,43.42268604278564,42.02038597106934,42.90999984741211,47.66999816894531,40.75,47.66999816894531,40.75,47.66999816894531,39.03880674854863,47.66999816894531,38.194459069924335,47.66999816894531,34.92180441486661,47.66999816894531,4437468.45,4045006.76,4370682.69047619,208711503.38811493,0.0210205155244476,0.0551896518861221,0.5331214588680553,0.1093600262547351,0.5591575457899933,0.1742616013821318,0.5765809734518833,1.0152803953646274,48.0,78.0,79.0,77.0,77.0,76.0,76.0,52,55,44,51,94.73684210526316,NI
2026-03-06,76.20999908447266,77.47000122070312,74.33000183105469,75.43000030517578,5634855.0,0.0244656500841089,72.58590906215264,71.77919982910156,71.62133305867513,68.30019981384277,63.26699977874756,60.99465246200562,67.78500366210938,78.0,58.040000915527344,78.0,53.02999877929688,78.0,53.02999877929688,78.0,53.02999877929688,78.0,45.350714749966976,78.0,3202031.375,2975125.1,2500573.630952381,232203712.985548,0.0295418299438146,0.0658741130695477,0.5385196501061377,0.2686865235832372,0.6394638585442842,0.3374868321643653,0.6567271370882961,1.2805187319281048,72.0,80.0,80.0,89.0,89.0,85.0,85.0,65,81,82,79,100.0,NTR
2026-03-06,20.90999984741211,20.90999984741211,20.299999237060547,20.690000534057617,589405.0,0.0038406108496913,20.2799922912278,20.01320014953613,19.72933349609375,18.942800102233885,18.52763608932495,17.880919852256774,17.81999969482422,21.299999237060547,17.020000457763672,21.299999237060547,17.020000457763672,21.299999237060547,17.020000457763672,21.299999237060547,17.020000457763672,21.299999237060547,13.49480272773584,21.299999237060547,1583005.125,1535542.1,1210994.861111111,38084959.1041193,0.0234388272452512,0.0936191908792027,0.5525375058838661,0.1880681473977317,0.5988292833778714,0.1846681288167477,0.5816907426135779,1.3071939244627038,74.0,84.0,84.0,85.0,85.0,77.0,77.0,75,72,62,58,100.0,NTST
2026-03-06,86.93000030517578,87.03500366210938,84.76000213623047,86.30000305175781,4228414.0,0.0155374048453609,83.99901549241493,83.66839935302734,82.75899937947591,79.13379943847656,74.58384399414062,75.25604118347168,75.29000091552734,89.0,70.41000366210938,89.0,64.0199966430664,89.0,64.0199966430664,89.0,64.0199966430664,89.0,64.0199966430664,99.51284294034387,4971975.35,4553038.28,4082004.4206349207,426079979.6741661,0.030397616224119,0.0820264409718067,0.5466804130552202,0.1607691415897054,0.5850695978575121,0.1869757668820304,0.5828238293129039,1.2180230194916477,68.0,83.0,83.0,82.0,82.0,77.0,77.0,72,73,77,73,100.0,OKE
2026-03-06,28.6299991607666,28.924999237060547,28.1072998046875,28.709999084472656,932702.0,-0.0195206023041032,27.2697412979725,26.659599990844725,26.31233336130778,25.52460006713867,23.115253562927247,20.112019472122192,24.190000534057617,29.270000457763672,23.149999618530277,29.270000457763672,16.751501331055355,29.270000457763672,16.751501331055355,29.270000457763672,16.161101059296968,29.270000457763672,12.34567457626598,29.270000457763672,1439067.55,1355886.04,1539883.738095238,46203717.48873043,0.0324415453161459,0.1003074041923843,0.5559166425465225,0.2410540451425118,0.6255360907652575,0.5831569068629607,0.7773550198794811,0.9345300001544644,37.0,85.0,85.0,88.0,88.0,91.0,91.0,76,73,92,89,94.73684210526316,OUT
2026-03-06,52.25,53.29999923706055,51.845001220703125,53.0,4375702.0,-0.0072202367547632,49.337212432577374,48.36640045166016,47.35133374532064,44.060400314331055,41.23784908294678,40.338758087158205,40.040000915527344,53.29999923706055,36.810001373291016,53.29999923706055,35.20621842074081,53.29999923706055,35.20621842074081,53.29999923706055,35.20621842074081,53.29999923706055,29.14903246078713,53.29999923706055,5051580.05,4653454.04,3804304.373015873,257111561.0270401,0.0354299690265422,0.1331598201772745,0.5725149174688537,0.2438914836674255,0.6269662623275745,0.2446355683091277,0.6111357015539337,1.3278590655971476,76.0,89.0,89.0,88.0,88.0,81.0,81.0,88,88,84,81,100.0,OVV
2026-03-06,54.18999862670898,55.16999816894531,53.29499816894531,54.20000076293945,28747711.0,0.0178436686380951,50.6719195492792,49.17800003051758,48.408999888102215,45.85519996643066,43.51609775543213,43.79372966766358,43.310001373291016,56.34000015258789,38.79999923706055,56.34000015258789,38.79999923706055,56.34000015258789,38.79999923706055,56.34000015258789,38.79999923706055,56.34000015258789,34.2043442128989,56.34000015258789,13618992.775,12943908.22,11546212.742063493,784070372.8850199,0.0326114127807766,0.1606339734546411,0.5863958919933983,0.2839770399438308,0.6471708313932302,0.1756310823273776,0.5772534102032888,1.179520339633554,65.0,91.0,91.0,90.0,90.0,76.0,76.0,84,86,79,76,100.0,OXY
2026-03-06,44.560001373291016,44.89720153808594,44.27999877929688,44.58000183105469,1083563.0,0.0063234553232429,43.62467762972239,43.469599914550784,43.09266649881999,41.049599990844726,39.63030010223389,38.71145195007324,39.790000915527344,45.09000015258789,36.20000076293945,45.09000015258789,36.20000076293945,45.09000015258789,36.20000076293945,45.09000015258789,35.45000076293945,45.09000015258789,33.665882217417895,45.09000015258789,1525714.075,1457937.26,1356728.8214285714,73214485.8945715,0.020066947756935,0.054674588716947,0.5328612296024735,0.148453666224011,0.5788621531887445,0.179147930504071,0.5789802381458986,1.1245534486350006,60.0,78.0,78.0,81.0,81.0,77.0,77.0,64,72,62,59,100.0,PBA
2026-03-06,17.600000381469727,17.825000762939453,17.170000076293945,17.25,40335158.0,0.0520024425007905,16.163125139899602,15.89199993133545,15.72799997329712,14.300799980163577,13.27880000114441,12.741466212272645,13.960000038146973,17.825000762939453,11.43000030517578,17.825000762939453,11.43000030517578,17.825000762939453,11.43000030517578,17.825000762939453,11.43000030517578,17.825000762939453,10.272299800529186,17.825000762939453,27097446.45,24418833.16,23022531.57936508,395666688.3831026,0.0257269000177366,0.1624834862855149,0.5873303353674667,0.3750000093132255,0.6930496975490056,0.4216478367346561,0.6980515182012533,1.176996819684558,65.0,91.0,91.0,93.0,93.0,88.0,88.0,85,92,86,84,100.0,PBR
2026-03-06,102.44000244140624,102.81999969482422,100.66000366210938,101.31999969482422,1213686.0,0.0064846106310194,99.10654084683098,97.76999938964843,97.02799962361654,94.23259979248049,91.7333038330078,90.19775081634522,91.16999816894533,103.20999908447266,86.18000030517578,103.20999908447266,86.18000030517578,103.20999908447266,84.44289473101878,103.20999908447266,84.44289473101878,103.20999908447266,84.00943121644592,103.20999908447266,1395199.65,1287965.72,1223404.7063492064,147792361.49481812,0.021353403944452,0.08978726001496,0.5506014704337695,0.1559467306082569,0.5826389284396848,0.1593195121176245,0.5692441718708777,1.1404236413013735,62.0,84.0,84.0,82.0,82.0,75.0,75.0,65,65,55,55,100.0,PNW
2026-03-06,38.54999923706055,39.01499938964844,37.44010162353516,37.75,11543521.0,0.0155426808961443,37.67359617762402,37.14319961547852,37.03399976094564,36.36999992370605,36.078795433044434,35.52759412765503,35.099998474121094,39.09000015258789,33.16999816894531,39.09000015258789,33.16999816894531,39.09000015258789,33.16999816894531,39.09000015258789,33.16999816894531,39.09000015258789,31.733708445232796,39.09000015258789,10129410.525,8909410.42,6521702.464285715,464974536.5982763,0.0217575877467048,0.097352634926316,0.5544237820934949,0.1164578934675013,0.56273512738398,0.0729624820711078,0.5268415076008138,1.5531850127280251,85.0,85.0,85.0,77.0,77.0,65.0,65.0,58,60,49,45,100.0,PPL
2026-03-06,18.850000381469727,19.15999984741211,18.739999771118164,19.020000457763672,12682691.0,0.000530797707051,17.745742320764695,17.470400161743164,17.106333446502685,15.911800041198733,14.63562463760376,13.97405251979828,14.5649995803833,19.3799991607666,13.404999732971191,19.3799991607666,11.93573118908755,19.3799991607666,11.792285830059274,19.3799991607666,11.792285830059274,19.3799991607666,9.69219428101087,19.3799991607666,12423292.275,11560943.82,11197977.742063493,236534418.27780145,0.0331101438964662,0.1348585002292033,0.5733731544557458,0.2926833224223548,0.6515591124097017,0.3449055089891335,0.6603698244590788,1.109422840548593,59.0,89.0,89.0,90.0,90.0,85.0,85.0,88,87,88,86,100.0,PR
2026-03-06,308.1300048828125,309.19000244140625,301.3999938964844,304.5299987792969,759253.0,0.0038769871373589,300.82686103738735,296.8312023925781,293.70566914876304,285.44160095214846,281.4298263549805,283.0101750183105,271.7099914550781,312.8599853515625,256.5400085449219,312.8599853515625,256.5400085449219,312.8599853515625,256.5400085449219,312.8599853515625,256.5400085449219,312.8599853515625,248.6851147451325,312.8599853515625,1193941.325,1143499.06,952859.734126984,362256343.4428589,0.0231325143474303,0.0680416113788995,0.5396147516916301,0.1196006661625759,0.5643191984029138,0.0771307589796066,0.5288881973288015,1.2530084777838746,70.0,80.0,80.0,78.0,78.0,65.0,65.0,67,67,57,54,100.0,PSA
2026-03-06,165.9600067138672,167.82310485839844,161.60000610351562,166.61000061035156,2870882.0,-0.0028838964221238,156.64358066892245,155.437744140625,152.94232279459635,145.76545166015626,139.89450035095214,131.32549991607667,138.2236410357954,169.6199951171875,126.12312578539036,169.6199951171875,126.12312578539036,169.6199951171875,124.64663168035814,169.6199951171875,114.98548329534496,169.6199951171875,87.7864834470405,169.6199951171875,2590954.55,2516577.64,2813462.23015873,425357994.4395523,0.0305590301989928,0.0816754681703813,0.5465030884088076,0.1964560491661822,0.6030570890101048,0.282468499128089,0.6297122675035136,0.920913215832943,35.0,82.0,82.0,85.0,85.0,83.0,83.0,79,81,73,71,100.0,PSX
2026-03-06,73.9800033569336,74.41500091552734,71.9000015258789,73.12000274658203,3930536.0,0.0088640598615619,70.3607013861706,69.5347998046875,69.21066665649414,68.98599990844727,68.7555689239502,67.10937734603881,65.42500305175781,74.41500091552734,65.42500305175781,74.41500091552734,63.95121687475858,74.41500091552734,61.698792032081805,74.41500091552734,60.20663496799964,74.41500091552734,57.09270957676056,74.41500091552734,3024390.9,2945646.72,2742838.634920635,239205861.4162262,0.0272787600638106,0.0676865691937846,0.5394353710396783,0.0373591079447719,0.5228664808300051,0.2135324786495929,0.595863593795196,1.1026499559597722,58.0,80.0,80.0,64.0,64.0,79.0,79.0,66,53,48,53,100.0,QSR
2026-03-06,211.75,213.55999755859372,209.72999572753903,213.00999450683597,2410263.0,-0.0143369259637992,201.86159568639948,198.53800048828128,196.603667195638,192.81980010986328,180.05878677368165,160.64564895629883,184.69000244140625,216.8000030517578,175.63999938964844,216.8000030517578,157.03227083829037,216.8000030517578,143.0640896772375,216.8000030517578,133.70636731143546,216.8000030517578,121.40882341918854,216.8000030517578,2639099.075,2458513.26,2942328.027777778,568779030.2490418,0.0202634259952287,0.1187720992238068,0.5652457002520354,0.1923167270017236,0.6009707210430465,0.3925854803606508,0.6837814426838333,0.8969425060988885,33.0,87.0,87.0,85.0,85.0,87.0,87.0,70,68,76,81,94.73684210526316,ROST
2026-03-06,209.75999450683597,209.94000244140625,203.63999938964844,204.00999450683597,8449366.0,0.0289414003670163,202.66288748904373,201.323271484375,200.6827402750651,196.46044555664065,184.56209350585937,167.46805793762206,192.4408229118435,214.5,169.78607304137748,214.5,166.18801865379032,214.5,154.5140652296157,214.5,149.5204540428489,214.5,110.4062584242238,214.5,6906659.15,6197447.32,5279954.626984127,1437824895.7688491,0.0255652808328528,0.0697198711060029,0.5404626715631656,0.2493719663367959,0.629728623658995,0.3315383287637319,0.6538063280647514,1.3080906253819524,74.0,81.0,81.0,88.0,88.0,85.0,85.0,55,73,67,73,100.0,RTX
2026-03-06,20.420000076293945,20.434999465942383,19.90999984741211,19.940000534057617,1573839.0,0.0199800004687389,20.01884395306804,19.70297233581543,19.477815373738608,19.233799018859862,18.697715244293214,18.187842826843266,17.546148856148815,21.06999969482422,17.546148856148815,21.06999969482422,16.643529019935784,21.06999969482422,16.643529019935784,21.06999969482422,16.643529019935784,21.06999969482422,14.765128609147434,21.06999969482422,2818275.975,2671150.78,2694986.265873016,59927106.79449835,0.0228644945013574,0.1252479290937769,0.5685175328192793,0.0784114556603159,0.5435583477210788,0.1040844156359794,0.5421228680143858,1.0457478060976484,51.0,88.0,88.0,72.0,72.0,70.0,70.0,73,60,62,58,100.0,SBRA
2026-03-06,98.98999786376952,99.22000122070312,95.58999633789062,97.06999969482422,10735433.0,0.0030397752045998,96.63192889629111,96.28874816894532,96.09537734985352,92.95240951538086,88.37207870483398,87.85001914978028,90.03934213776269,104.14835330140389,81.44477026878447,104.14835330140389,76.93446405310549,104.14835330140389,76.93446405310549,104.14835330140389,76.93446405310549,104.14835330140389,73.4727287993859,107.46481742733376,9567255.825,9160480.66,10056340.21031746,744710742.5644535,0.0267731606972509,0.027414416359804,0.5190883662787502,0.1437076855243437,0.5764700073951451,0.1532942058126314,0.5662856514095175,0.951365568876073,39.0,73.0,73.0,81.0,81.0,75.0,75.0,58,70,70,66,100.0,SBUX
2026-03-06,33.45000076293945,34.0,33.0,34.0,844990.0,0.004202923562792,31.48841451180408,30.71440002441406,30.26633332570394,28.987399978637697,27.91999990463257,27.411937322616577,27.26000022888184,34.0,25.989999771118164,34.0,25.01499938964844,34.0,25.01499938964844,34.0,25.01499938964844,34.0,20.75197709936518,34.0,913129.75,1025471.8,886194.0079365079,29891691.99585533,0.0239597976250323,0.1659114722996009,0.5890622827018082,0.2356853025504499,0.6228300504711157,0.2145969372165121,0.5963862597462849,1.0303948591643173,50.0,91.0,91.0,87.0,87.0,79.0,79.0,82,79,75,72,100.0,SOBO
2026-03-06,56.84000015258789,58.587501525878906,56.52999877929688,58.630001068115234,4254348.0,-0.0133657429197339,55.38245172022543,55.05336044311523,54.50302085876465,51.12537109375,46.55525394439697,42.83264028549194,49.91355128706971,58.587501525878906,41.766629134954655,58.587501525878906,38.42251995629977,58.587501525878906,37.47981873293372,58.587501525878906,37.47981873293372,58.587501525878906,30.210010350836264,58.587501525878906,5268086.2,5095356.96,4593114.476190476,303843644.20965576,0.0236484286752101,0.0779088535037237,0.5446000531558625,0.2820070159812669,0.6461778681189236,0.4266519114545568,0.700508597841625,1.1469529504018252,63.0,82.0,82.0,90.0,90.0,88.0,88.0,68,84,84,83,94.73684210526316,SU
2026-03-06,120.79000091552734,120.79000091552734,117.0,119.16999816894533,5049656.0,0.0035726180042807,115.41490048003551,114.53013275146483,112.62501678466796,108.65659378051758,99.65128471374511,96.9797396850586,99.86434083029876,126.0,91.38062076908405,126.0,82.59992759259717,126.0,82.59992759259717,126.0,82.59992759259717,126.0,82.59992759259717,126.0,6637916.4,6622435.12,7478307.365079365,763713507.0928466,0.0317076297011855,0.0691184475654309,0.5401588097931281,0.3420422926511082,0.6764378172509139,0.3327206583319857,0.6543868705372313,0.8876228370869528,32.0,81.0,81.0,92.0,92.0,85.0,85.0,80,82,83,80,100.0,TGT
2026-03-06,159.3300018310547,160.11000061035156,157.6199951171875,159.67999267578125,5922844.0,-0.0099421544618472,157.71245316573757,156.17545654296876,154.96238606770834,155.14467163085936,151.22984237670897,140.95100475311278,145.41886918959133,162.67999267578125,145.41886918959133,162.67999267578125,138.03011948968344,162.67999267578125,137.44347728934537,162.67999267578125,122.6856279680912,162.67999267578125,110.74911840351804,162.67999267578125,5684461.1,5249360.88,5388762.079365079,836475430.1871827,0.020763964196385,0.0379398161263675,0.5244061937126051,0.0647771446332048,0.536686162215896,0.136305253250492,0.5579438076545342,1.0548732744700728,53.0,75.0,75.0,70.0,70.0,73.0,73.0,57,44,48,45,100.0,TJX
2026-03-06,306.3099975585937,307.260009765625,300.81500244140625,304.7799987792969,1191966.0,-0.001076236218623,302.77650468109124,300.6836010742188,297.4706675211589,291.40619995117186,285.48273986816406,276.22188217163085,274.3900146484375,313.1199951171875,268.0,313.1199951171875,263.208749278705,313.1199951171875,251.265979361746,313.1199951171875,251.265979361746,313.1199951171875,227.65999683057376,313.1199951171875,1730661.65,1592451.32,1375195.5,485729710.2207276,0.0207006490011498,0.0375651930493687,0.524216920058359,0.0817946997355321,0.5452636250063017,0.1049758097196411,0.5425605565736318,1.258484084626513,71.0,75.0,75.0,72.0,72.0,70.0,70.0,63,56,50,57,94.73684210526316,TRV
2026-03-06,62.59000015258789,64.0,61.040000915527344,61.15999984741211,3173597.0,0.0284258876912018,57.796914476941566,57.3268002319336,57.25566685994466,53.60240005493164,50.04280006408691,46.69254997253418,52.13999938964844,64.0,43.709999084472656,64.0,43.709999084472656,64.0,33.369998931884766,64.0,31.6299991607666,64.0,31.6299991607666,64.0,1395587.425,1247207.94,1150733.7182539685,77758851.2163393,0.0356059241582156,0.1011611538452503,0.5563479889491625,0.1742964549438084,0.5918878526685751,0.6077575048019326,0.7894343016089148,1.2127805093932185,68.0,85.0,85.0,83.0,83.0,92.0,92.0,79,88,82,92,100.0,VIST
2026-03-06,224.6300048828125,230.49099731445312,221.3500061035156,226.97000122070312,4329483.0,-0.0149102921312345,207.0674829921296,202.3173156738281,199.0710586547852,189.94922485351563,179.7021969604492,161.46985080718994,175.4271080403878,232.9900054931641,158.9280106750743,232.9900054931641,158.9280106750743,232.9900054931641,153.378848380017,232.9900054931641,129.17049389956884,232.9900054931641,96.17292970328542,232.9900054931641,3303852.075,3382395.66,3117538.821428572,635554550.1512268,0.0342567287978765,0.1448447948446898,0.5784186057114304,0.2764970864808915,0.6434006645204605,0.4636009429019387,0.7186511552538407,1.0597629297479134,53.0,90.0,90.0,89.0,89.0,89.0,89.0,87,87,80,80,94.73684210526316,VLO
2026-03-06,51.119998931884766,51.25,50.40499877929688,51.09000015258789,19454654.0,-0.0011723597681367,48.8372964713307,48.58679977416992,47.07833315531413,44.07343162536621,41.86824298858642,41.66358507156372,39.060001373291016,51.40999984741211,38.68000030517578,51.40999984741211,38.1088195994244,51.40999984741211,37.73530088530565,51.40999984741211,37.73530088530565,51.40999984741211,37.73530088530565,51.40999984741211,34072141.35,31717923.08,24577519.65873016,1467940838.2436855,0.0211131069672725,0.0874282228695368,0.5494095962315879,0.2787538773030746,0.6445381686558435,0.1973949281740015,0.5879398018978934,1.386313257932733,79.0,83.0,83.0,89.0,89.0,78.0,78.0,89,82,75,73,100.0,VZ
2026-03-06,246.0500030517578,248.1199951171875,244.52999877929688,245.07000732421875,2903914.0,-0.0001625148796292,236.32688910645675,233.2523999023437,232.56200002034504,227.73720001220704,219.21596908569336,222.4944278717041,218.1300048828125,248.1199951171875,207.7400054931641,248.1199951171875,193.362342161683,248.1199951171875,193.362342161683,248.1199951171875,193.362342161683,248.1199951171875,193.362342161683,248.1199951171875,2418270.35,2189184.28,1874145.2936507936,586598158.5158249,0.0211536890956189,0.0866493442150568,0.5490160774704673,0.1427313953524629,0.5759779218651384,0.102151628293424,0.5411738389342095,1.2903323761463887,73.0,83.0,83.0,81.0,81.0,69.0,69.0,66,64,68,65,100.0,WM
2026-03-06,40.34999847412109,40.5099983215332,39.150001525878906,39.09000015258789,1577348.0,0.0194541841193716,39.40240904254845,38.84340896606445,38.79638532002767,38.67300971984864,38.75570220947266,38.05560121536255,36.369998931884766,40.880001068115234,36.369998931884766,40.880001068115234,36.369998931884766,40.880001068115234,36.11627071514079,41.61670595018104,36.09087232536826,41.61670595018104,35.36067772135275,41.61670595018104,2770738.7,2471260.96,2036946.619047619,139821499.9994049,0.0263663749692981,0.088857704678805,0.5501318241516782,0.0479484898261659,0.5282039120012213,0.0533426556518314,0.5172078632727797,1.3602411934071537,77.0,83.0,83.0,66.0,66.0,62.0,62.0,61,48,37,36,100.0,WTRG
2026-03-06,82.5199966430664,82.91000366210938,80.94000244140625,81.70999908447266,4456430.0,0.001699434259724,81.2967194060121,80.1,79.38500035603842,77.46531356811523,77.9877716064453,74.43229125976562,74.11000061035156,84.2300033569336,71.87523726366767,84.2300033569336,71.87523726366767,84.2300033569336,70.80351412823444,84.2300033569336,68.09696671224069,84.2300033569336,63.8926323956615,84.2300033569336,5137090.75,5033244.6,4425504.880952381,404049006.7798729,0.0202932165465228,0.0829396318626756,0.5471417914046902,0.0608102932541338,0.5346867257578118,0.1601354356093067,0.5696448031787078,1.1607920199366009,64.0,83.0,83.0,69.0,69.0,75.0,75.0,62,57,46,46,100.0,XEL
2026-03-06,151.2100067138672,153.8000030517578,149.96299743652344,153.14999389648438,21058599.0,0.0029849577038214,148.41363298081075,148.69197570800782,146.58318786621095,137.4634866333008,126.11695388793946,116.97943435668944,133.28162737596318,159.61000061035156,113.85114097459557,159.61000061035156,110.79596565731816,159.61000061035156,108.7082535315701,159.61000061035156,102.96417284971534,159.61000061035156,94.55129146907367,159.61000061035156,21308412.475,20071387.98,17097101.98015873,3181881905.4177103,0.0250476243460522,0.031356371613463,0.521079990184336,0.2921721199464233,0.6513014478868427,0.3660966153273528,0.670774992018532,1.246317212105801,70.0,74.0,74.0,90.0,90.0,86.0,86.0,67,82,77,76,100.0,XOM
